"0","35","838","2015-06-18 15:48:44"
"1","35","128","1976-12-13 08:31:51"
"2","11","339","2013-11-26 18:33:17"
"3","69","916","2004-11-10 07:57:25"
"4","20","517","2008-07-17 15:08:35"
"5","83","600","1983-06-01 21:11:31"
"6","83","1369","2020-08-24 11:55:59"
"7","80","802","2010-11-10 22:24:22"
"8","65","1568","1993-12-15 23:29:06"
"9","95","1726","2012-02-06 00:38:10"
"10","3","854","2000-10-19 18:18:23"
"11","7","445","2018-02-17 08:33:25"
"12","17","997","2007-05-29 19:58:27"
"13","46","1451","1983-09-18 00:37:31"
"14","74","1200","1990-07-25 03:24:14"
"15","37","1118","2012-03-29 00:06:42"
"16","85","1541","1999-07-16 09:42:54"
"17","43","1079","2008-04-06 00:38:44"
"18","65","798","1977-02-10 19:28:49"
"19","9","1195","1984-07-21 14:16:54"
"20","21","671","1989-07-31 11:23:08"
"21","63","1743","2009-03-14 20:29:57"
"22","56","590","1970-05-12 13:38:02"
"23","58","1026","1976-04-20 21:21:05"
"24","21","1427","2012-01-18 09:58:50"
"25","63","304","1995-07-23 21:50:18"
"26","96","1252","1989-01-19 06:55:12"
"27","96","1001","1976-09-01 11:09:41"
"28","93","505","1981-09-02 08:43:55"
"29","54","963","2021-08-19 09:44:57"
"30","80","197","1973-10-13 00:52:43"
"31","93","1683","1973-06-02 01:30:11"
"32","46","692","1992-02-24 20:15:19"
"33","7","1948","1984-09-30 22:18:16"
"34","77","1004","1986-04-21 11:34:36"
"35","79","1206","1992-06-07 11:04:55"
"36","34","966","2010-01-30 04:41:23"
"37","49","1428","1972-05-28 18:30:13"
"38","93","1345","2017-08-05 21:08:52"
"39","61","684","2009-01-22 17:47:00"
"40","9","1864","1973-06-25 10:21:48"
"41","37","1846","1999-12-02 05:42:06"
"42","0","822","2002-07-20 16:18:28"
"43","31","1716","1972-09-27 22:58:35"
"44","79","468","1998-07-14 22:27:02"
"45","4","1783","1988-12-02 04:15:33"
"46","27","589","1998-01-04 06:15:11"
"47","63","1787","1988-02-07 21:38:00"
"48","30","322","2002-05-31 23:39:03"
"49","82","1127","1985-07-10 21:03:35"
"50","90","1089","1977-06-20 03:13:53"
"51","85","1787","1987-11-25 19:17:40"
"52","1","1799","2012-08-02 23:17:45"
"53","81","434","1984-08-10 04:49:26"
"54","31","1042","2017-09-18 11:13:38"
"55","19","271","1973-01-30 07:53:43"
"56","90","1500","2002-10-11 17:51:54"
"57","35","759","1984-06-17 05:21:20"
"58","89","928","2008-05-20 17:08:52"
"59","25","429","2015-02-19 02:14:33"
"60","14","248","1991-07-05 12:43:06"
"61","46","1264","1974-01-18 20:31:01"
"62","63","1904","1985-04-08 03:25:22"
"63","86","148","2005-07-13 05:40:27"
"64","25","1117","1981-07-07 14:26:26"
"65","48","1961","2011-02-08 20:06:54"
"66","20","128","2013-11-03 01:26:18"
"67","99","1961","2006-11-17 17:48:16"
"68","89","454","1987-09-02 13:06:13"
"69","93","1940","2009-12-30 05:08:16"
"70","10","814","2004-11-19 07:50:30"
"71","77","1895","1974-09-12 02:15:25"
"72","97","1341","1998-11-07 06:14:01"
"73","45","1210","1984-03-31 22:28:43"
"74","77","1178","2004-04-30 16:15:02"
"75","92","570","1986-02-28 10:25:56"
"76","90","637","2001-06-13 18:51:07"
"77","32","1482","1988-10-18 13:47:50"
"78","79","119","1981-09-16 15:10:43"
"79","0","1324","2001-12-26 23:45:42"
"80","78","202","1995-09-19 09:30:32"
"81","71","837","1981-09-01 07:55:02"
"82","29","1242","1972-01-17 16:28:11"
"83","51","226","2021-10-23 04:36:39"
"84","56","402","1993-03-22 21:57:26"
"85","75","14","2015-08-10 14:05:15"
"86","76","129","2013-03-01 07:36:46"
"87","58","615","1996-05-20 17:58:59"
"88","91","1195","2005-01-02 11:30:26"
"89","17","1744","2009-04-26 11:21:31"
"90","79","720","2011-01-25 03:15:38"
"91","81","1289","2006-09-23 18:59:42"
"92","80","1154","2007-06-02 09:33:47"
"93","30","641","2021-05-20 04:48:57"
"94","94","226","1994-03-03 07:21:02"
"95","12","728","2003-07-28 13:02:39"
"96","16","426","2002-04-03 02:25:57"
"97","50","871","1996-05-02 22:32:25"
"98","72","473","1977-04-04 22:47:44"
"99","84","1882","1993-09-08 00:12:06"
"100","50","1730","2014-12-04 22:22:57"
"101","3","1824","2007-06-07 21:53:05"
"102","9","472","2017-12-30 14:08:59"
"103","43","1920","1983-11-20 20:36:10"
"104","84","1998","1990-04-28 23:36:21"
"105","67","1384","2004-07-04 10:06:42"
"106","84","693","1977-04-12 02:59:03"
"107","58","636","2014-03-05 06:11:07"
"108","14","736","2014-01-08 14:16:22"
"109","1","266","2010-12-13 13:12:16"
"110","50","79","1997-03-01 08:52:40"
"111","33","1073","1996-05-29 02:01:32"
"112","97","1634","1981-07-31 22:41:44"
"113","60","1240","2010-05-14 07:55:19"
"114","0","1323","1980-05-16 09:44:44"
"115","17","1756","1997-01-19 20:15:00"
"116","21","235","1999-07-01 16:47:09"
"117","90","429","2019-07-04 01:07:14"
"118","81","1995","2021-05-15 17:51:10"
"119","9","726","1999-01-30 07:56:45"
"120","37","697","1987-10-08 16:22:28"
"121","88","1652","2006-03-11 18:19:05"
"122","59","1879","1970-04-26 22:34:40"
"123","98","1861","1970-06-04 13:20:48"
"124","45","1164","1975-07-24 08:19:15"
"125","75","217","2014-04-17 00:48:25"
"126","4","271","2013-03-15 06:05:19"
"127","21","641","1984-03-03 10:34:53"
"128","33","212","1990-02-16 19:17:31"
"129","92","671","2021-04-07 15:29:13"
"130","31","1003","1976-12-01 19:25:43"
"131","14","490","1977-11-09 22:23:40"
"132","47","404","1988-12-10 16:55:19"
"133","49","1347","1971-11-26 15:55:09"
"134","8","1398","1975-06-30 20:21:07"
"135","18","782","1973-08-20 17:21:29"
"136","57","1624","1972-09-09 15:26:09"
"137","2","1372","1977-01-16 09:58:15"
"138","95","780","1990-07-26 14:30:30"
"139","2","759","1984-05-29 07:52:38"
"140","9","873","1999-08-11 14:20:36"
"141","43","269","1976-12-03 09:23:50"
"142","51","1259","1986-03-05 08:06:58"
"143","2","1214","1975-07-14 01:20:10"
"144","33","1915","1970-09-26 11:19:31"
"145","15","1420","1994-02-03 06:06:52"
"146","47","1836","1979-09-20 22:26:13"
"147","83","1451","2016-12-13 19:58:46"
"148","33","292","2010-01-18 01:03:31"
"149","51","702","2000-04-15 02:00:31"
"150","58","1501","1999-04-02 17:33:56"
"151","33","98","2000-10-15 00:35:13"
"152","44","126","1989-12-21 05:56:27"
"153","58","942","1977-03-02 18:40:07"
"154","70","1931","1972-11-01 14:44:26"
"155","14","1044","1993-11-03 15:25:35"
"156","81","1743","2007-12-22 20:08:20"
"157","45","600","2019-11-10 00:21:48"
"158","71","835","2006-02-22 11:48:53"
"159","48","614","1996-05-06 23:47:01"
"160","81","1761","2011-01-05 05:02:03"
"161","30","1004","2002-08-13 03:05:54"
"162","92","1802","1974-07-16 23:29:21"
"163","30","1199","2001-12-23 18:05:50"
"164","2","1606","2012-08-03 10:55:09"
"165","54","756","2017-03-10 16:28:59"
"166","36","707","2017-12-15 15:37:58"
"167","87","296","2013-09-02 18:06:21"
"168","82","467","1988-12-09 08:52:33"
"169","91","702","2020-12-06 20:11:26"
"170","97","354","1972-01-22 01:27:52"
"171","32","1259","1970-11-14 03:14:47"
"172","50","1360","2005-01-26 09:40:48"
"173","55","773","1974-03-21 15:42:26"
"174","36","754","2003-11-05 11:18:07"
"175","36","1120","1977-06-26 01:19:39"
"176","19","1042","1973-01-24 06:44:03"
"177","99","429","1976-07-23 11:39:47"
"178","58","1170","1971-02-23 06:09:21"
"179","85","1314","2021-08-21 03:21:24"
"180","87","468","2015-12-09 09:22:35"
"181","78","792","1992-09-06 12:45:22"
"182","74","1073","1978-07-06 01:22:30"
"183","97","590","2012-03-07 23:13:22"
"184","47","1210","1981-07-17 08:44:39"
"185","89","117","1993-08-08 02:56:23"
"186","97","1429","2012-09-30 07:30:02"
"187","92","1879","1994-03-02 05:04:13"
"188","35","1089","1980-05-24 05:59:55"
"189","90","341","1985-04-29 03:34:36"
"190","31","333","1971-08-24 01:37:32"
"191","76","459","1989-10-08 21:29:48"
"192","31","665","2003-07-27 17:42:45"
"193","95","1422","2018-07-08 11:47:04"
"194","94","167","1977-02-02 15:10:25"
"195","46","1380","2006-09-25 03:05:19"
"196","52","1235","1974-09-24 19:12:24"
"197","87","1286","2011-11-09 07:08:07"
"198","94","1920","2014-03-02 10:33:07"
"199","77","571","1973-11-27 04:07:23"
"200","83","1149","1987-07-13 08:31:57"
"201","77","185","2018-11-16 16:52:36"
"202","17","922","1973-09-12 13:05:28"
"203","24","1272","2006-03-25 14:49:01"
"204","66","1541","2012-06-19 23:52:52"
"205","62","1866","2021-09-25 05:22:51"
"206","13","1130","1987-11-13 03:01:14"
"207","1","1587","2002-04-19 14:17:55"
"208","83","637","1987-02-26 08:27:05"
"209","27","1789","2005-05-29 09:11:40"
"210","81","1851","2009-03-09 04:22:22"
"211","53","1239","2002-02-15 19:35:02"
"212","53","1899","2009-06-04 14:30:30"
"213","93","356","2006-07-27 09:44:41"
"214","27","217","1978-01-14 02:33:40"
"215","65","592","1992-11-15 03:41:15"
"216","49","1470","1990-07-28 23:59:36"
"217","65","916","2000-12-18 02:09:17"
"218","19","1493","2013-10-15 13:45:36"
"219","4","1218","2016-04-02 14:44:31"
"220","22","1099","2020-12-11 17:48:15"
"221","46","1949","2003-09-25 02:33:12"
"222","25","36","2000-09-15 06:27:13"
"223","6","767","2019-01-27 22:22:50"
"224","40","1887","2020-11-16 02:41:58"
"225","70","1244","1979-04-14 23:58:39"
"226","4","1036","1977-11-05 13:25:23"
"227","92","947","1985-02-01 09:37:09"
"228","64","1026","1996-05-11 13:19:30"
"229","20","1153","2003-07-09 09:16:16"
"230","34","1551","1976-04-09 04:05:07"
"231","5","983","1999-11-26 02:02:34"
"232","99","1939","2014-07-13 00:18:05"
"233","90","1965","2019-08-22 21:25:23"
"234","53","589","2018-07-13 17:50:07"
"235","37","1514","1980-02-15 14:19:08"
"236","18","824","1976-07-06 13:10:54"
"237","70","450","2009-11-14 08:38:51"
"238","81","0","2014-06-21 06:09:46"
"239","3","1152","1978-11-15 04:13:28"
"240","63","704","1990-12-22 16:00:14"
"241","3","1121","2002-04-08 12:49:51"
"242","87","354","1981-10-24 17:33:51"
"243","62","1324","1977-02-20 10:21:55"
"244","12","1124","1990-06-01 21:26:40"
"245","74","942","1998-05-10 21:25:30"
"246","39","413","1975-01-25 05:10:49"
"247","95","1259","2008-08-15 17:01:38"
"248","26","527","2003-12-29 04:39:17"
"249","2","352","1981-03-28 11:55:18"
"250","9","1088","2003-04-24 11:02:02"
"251","80","1411","1988-10-20 22:04:14"
"252","63","433","2014-04-10 01:44:54"
"253","24","1473","2009-08-02 00:08:15"
"254","87","610","1971-11-19 11:26:51"
"255","51","1619","1985-12-14 20:49:37"
"256","82","276","2019-02-02 05:56:14"
"257","22","224","2014-06-11 20:02:42"
"258","64","310","2012-09-24 19:38:16"
"259","5","756","2016-05-18 14:49:07"
"260","81","426","1988-03-24 18:42:05"
"261","12","1362","1997-02-02 10:38:10"
"262","3","838","1991-05-09 21:17:11"
"263","13","1411","1992-05-23 12:09:48"
"264","56","1499","2017-09-30 07:02:42"
"265","96","1899","1997-07-06 21:00:04"
"266","82","1236","2018-01-15 15:07:57"
"267","9","1362","1991-11-10 07:58:53"
"268","11","736","1992-04-10 11:11:03"
"269","83","1849","1990-10-08 14:00:58"
"270","40","994","1987-03-15 19:59:07"
"271","5","819","2010-10-25 04:48:44"
"272","11","1367","1998-05-19 18:20:19"
"273","76","1276","1997-10-12 17:37:26"
"274","67","714","2003-12-01 16:47:55"
"275","77","1431","1990-12-08 02:14:03"
"276","23","1683","2017-12-30 03:57:38"
"277","76","525","2006-12-01 23:42:05"
"278","54","445","1981-06-13 08:11:01"
"279","97","990","2017-07-30 19:56:37"
"280","49","406","1988-10-19 18:47:51"
"281","41","1562","1979-07-17 15:53:45"
"282","23","292","1974-02-11 01:16:13"
"283","13","1082","1974-10-05 13:48:06"
"284","66","1914","2021-10-26 00:05:00"
"285","44","1445","2017-11-01 05:03:07"
"286","26","1197","1999-10-01 11:03:49"
"287","27","1383","2007-04-11 16:29:51"
"288","62","898","1987-10-04 05:19:16"
"289","4","1465","1992-09-21 19:54:06"
"290","86","473","1987-09-16 15:08:10"
"291","72","467","2006-11-02 11:53:40"
"292","9","1091","1996-03-26 05:41:42"
"293","64","1324","1987-02-08 22:17:51"
"294","84","1789","1977-06-09 02:42:23"
"295","24","1116","1994-01-14 21:02:00"
"296","10","356","1982-02-01 19:23:41"
"297","49","1849","2021-06-01 22:55:02"
"298","13","1251","2007-09-10 16:49:04"
"299","52","1891","2000-12-07 01:02:04"
"300","18","1836","1970-03-05 22:45:41"
"301","22","146","1999-03-02 10:29:28"
"302","28","1039","1975-11-16 08:12:47"
"303","34","800","1973-02-01 05:56:08"
"304","80","240","1985-10-05 06:55:25"
"305","13","444","1991-04-23 03:31:48"
"306","32","1863","1979-06-30 11:18:06"
"307","97","1518","2002-08-31 23:34:02"
"308","79","105","1974-06-30 00:33:35"
"309","16","296","1996-09-29 18:50:46"
"310","7","1274","2009-04-25 00:00:39"
"311","80","358","2015-12-14 09:05:02"
"312","83","1830","2003-02-21 23:47:10"
"313","58","1915","2015-08-06 08:03:08"
"314","83","1544","1979-07-15 10:58:37"
"315","60","1567","1990-10-15 09:32:24"
"316","27","976","2011-06-17 22:21:27"
"317","8","1340","1981-10-30 21:02:27"
"318","29","949","1973-07-06 20:26:47"
"319","70","595","2014-07-01 11:30:20"
"320","19","1849","1984-05-19 20:30:17"
"321","86","463","1987-06-03 04:39:15"
"322","31","891","1975-09-29 09:57:07"
"323","93","1966","1980-09-20 13:53:22"
"324","95","300","1987-11-22 11:52:55"
"325","23","1861","2008-07-10 07:21:40"
"326","47","1142","2016-10-25 06:11:04"
"327","97","407","1989-07-03 23:52:56"
"328","70","1610","2001-04-29 06:35:13"
"329","38","1599","2011-09-28 17:19:32"
"330","80","1731","2021-04-10 00:18:59"
"331","38","679","2004-07-27 22:59:57"
"332","50","201","1992-06-04 19:31:38"
"333","77","1470","1996-02-11 06:09:08"
"334","29","1597","2015-01-25 16:43:14"
"335","96","340","1978-05-27 18:12:10"
"336","70","1244","2003-01-02 14:12:58"
"337","65","1208","1992-03-07 12:52:14"
"338","82","1787","2015-11-11 10:35:35"
"339","77","253","1980-09-10 22:43:40"
"340","23","1955","1986-11-03 11:31:12"
"341","76","1615","1975-08-20 14:19:12"
"342","99","1751","1985-01-02 01:26:56"
"343","44","393","2006-07-03 20:52:24"
"344","10","1265","1993-09-13 05:12:06"
"345","32","1823","1992-07-05 09:56:53"
"346","43","1927","1973-01-19 22:38:20"
"347","23","1923","1975-04-15 15:48:07"
"348","58","18","1971-12-21 17:07:56"
"349","32","1248","1993-01-09 03:27:11"
"350","10","352","1973-01-04 12:34:53"
"351","52","1218","2014-07-10 05:36:55"
"352","61","373","2008-06-07 20:35:00"
"353","29","1618","1973-07-31 08:27:18"
"354","62","440","1995-05-30 05:28:51"
"355","28","1860","2017-08-31 18:57:41"
"356","53","555","1970-12-23 17:56:11"
"357","98","526","1980-02-20 05:25:57"
"358","64","341","1975-06-26 07:43:56"
"359","0","1197","1990-08-23 07:20:59"
"360","24","1219","1987-04-10 21:35:32"
"361","88","559","1992-07-06 18:04:03"
"362","47","1331","2014-06-11 23:53:06"
"363","49","669","2011-09-10 13:41:00"
"364","35","579","2005-04-04 23:17:57"
"365","78","949","1991-11-08 05:40:56"
"366","49","1914","1973-02-17 16:38:15"
"367","20","170","1972-11-25 23:30:44"
"368","10","1545","1991-01-12 05:52:31"
"369","23","491","1987-07-21 01:54:04"
"370","95","152","1970-04-23 17:03:19"
"371","50","1944","2017-09-30 21:08:02"
"372","9","1283","1982-12-14 12:19:59"
"373","19","1818","2008-10-27 19:57:24"
"374","37","1394","2010-01-13 12:18:56"
"375","41","592","1992-02-29 02:48:05"
"376","97","636","1986-08-17 02:26:59"
"377","7","555","2007-05-13 13:42:46"
"378","6","1774","1974-11-23 08:43:19"
"379","34","1806","2009-07-04 09:16:52"
"380","12","486","2005-12-03 01:09:09"
"381","34","1268","1975-08-23 15:49:45"
"382","23","1656","1992-06-26 07:45:56"
"383","62","721","1988-05-06 16:35:20"
"384","35","1425","1997-06-14 04:54:01"
"385","57","221","1998-07-23 17:06:12"
"386","64","1005","1982-03-18 16:39:35"
"387","14","1211","2018-04-01 08:26:44"
"388","95","782","1971-04-10 13:28:11"
"389","32","165","1980-03-21 15:18:23"
"390","56","451","1989-02-07 20:55:05"
"391","31","72","2000-11-20 20:31:59"
"392","34","1944","1982-11-16 08:27:24"
"393","13","922","2004-02-01 13:56:48"
"394","40","1096","1999-11-02 03:36:24"
"395","23","873","2003-04-03 19:44:12"
"396","98","261","1989-01-18 02:06:02"
"397","73","934","2015-05-27 11:19:17"
"398","87","393","2001-05-25 22:37:15"
"399","50","1647","2014-04-21 19:23:44"
"400","90","1563","2010-07-18 06:34:17"
"401","49","669","1985-05-26 11:34:29"
"402","16","1384","1988-03-23 07:19:50"
"403","81","988","2017-09-06 06:28:48"
"404","14","1036","1978-11-21 10:23:50"
"405","79","1320","2003-12-24 07:03:36"
"406","79","43","2014-10-09 12:20:44"
"407","74","669","2005-05-28 01:07:16"
"408","4","782","1979-12-17 00:07:36"
"409","23","1315","1979-04-29 10:30:12"
"410","1","222","2007-09-18 18:28:50"
"411","98","814","1988-03-08 22:46:48"
"412","23","660","1970-09-29 21:28:49"
"413","83","109","2017-08-02 12:09:15"
"414","20","765","2000-10-04 13:40:54"
"415","85","571","1972-03-03 19:35:02"
"416","6","1620","1976-09-27 14:08:37"
"417","89","1079","2012-07-24 03:15:50"
"418","34","136","1997-06-25 17:58:53"
"419","90","431","1994-12-28 17:39:41"
"420","33","148","2017-08-02 07:23:00"
"421","59","1370","1980-12-20 10:00:32"
"422","93","355","1985-11-05 19:53:14"
"423","56","1975","1982-07-02 21:37:09"
"424","41","1471","1974-06-01 23:05:43"
"425","57","736","1981-11-05 01:21:03"
"426","50","684","1985-11-09 13:48:50"
"427","58","431","2020-02-20 21:51:39"
"428","10","1153","1972-11-22 21:23:27"
"429","98","471","1977-10-05 03:08:30"
"430","63","983","1985-07-30 04:43:55"
"431","17","1678","2007-08-28 04:16:25"
"432","38","1106","2016-06-20 19:32:08"
"433","64","1756","2008-05-11 20:17:05"
"434","22","1299","1982-04-06 13:20:07"
"435","96","1286","1986-03-30 14:19:48"
"436","38","1372","1990-11-25 22:27:56"
"437","4","767","2006-02-25 07:57:46"
"438","94","486","1979-04-04 14:30:45"
"439","1","302","1978-09-15 04:39:45"
"440","75","136","1989-10-17 21:23:17"
"441","87","1189","1994-06-08 20:12:23"
"442","54","1104","1994-06-24 06:56:12"
"443","84","869","2021-10-14 15:52:31"
"444","47","467","2001-06-15 18:58:08"
"445","46","663","1979-12-11 21:50:23"
"446","6","802","2003-10-03 06:49:23"
"447","72","391","1970-11-21 10:41:18"
"448","85","422","2005-09-09 01:56:57"
"449","63","224","2007-03-08 22:14:02"
"450","87","354","1995-08-05 22:07:25"
"451","57","704","2020-08-04 08:07:31"
"452","90","151","1976-05-04 16:31:53"
"453","8","1499","2009-03-21 12:52:38"
"454","90","1174","1989-07-14 08:31:15"
"455","60","352","1976-11-20 03:47:05"
"456","36","1296","1973-12-09 03:52:47"
"457","66","1385","2011-11-27 15:15:48"
"458","16","1998","2011-06-22 07:07:38"
"459","95","259","1970-03-06 04:04:16"
"460","32","257","1992-05-23 00:52:14"
"461","87","1852","2015-12-07 03:40:11"
"462","11","1406","1980-06-25 04:09:36"
"463","45","1300","2013-09-09 03:27:37"
"464","96","407","1997-05-14 20:09:14"
"465","53","1965","2012-01-14 14:08:03"
"466","13","1722","1977-12-10 05:05:52"
"467","99","1656","2019-02-06 22:36:05"
"468","90","1673","1976-03-18 12:06:01"
"469","7","397","2018-08-10 23:44:48"
"470","16","940","2018-12-28 11:41:09"
"471","90","614","2019-05-14 06:23:07"
"472","60","1473","1980-11-17 13:01:37"
"473","93","905","1981-12-02 02:11:49"
"474","37","440","1998-05-03 00:00:31"
"475","23","146","1998-02-13 09:05:36"
"476","94","703","1981-05-26 02:07:25"
"477","54","1847","2019-01-22 07:11:09"
"478","5","1662","2002-01-26 19:47:48"
"479","15","202","1982-10-15 07:43:26"
"480","46","1283","1995-12-18 16:26:21"
"481","54","66","2011-02-04 17:02:32"
"482","21","356","2001-03-24 14:15:09"
"483","51","1758","1977-08-19 02:22:00"
"484","9","1240","1989-09-03 19:50:29"
"485","33","1255","1989-09-16 01:52:41"
"486","44","389","1998-10-15 06:38:33"
"487","38","1251","1972-06-13 02:41:21"
"488","37","754","2014-03-04 14:51:36"
"489","45","489","2010-08-02 16:14:15"
"490","10","797","1999-08-21 14:49:23"
"491","95","1120","2015-06-16 01:36:00"
"492","86","1872","2013-11-01 22:17:52"
"493","45","406","1980-04-17 05:15:40"
"494","10","1395","1984-09-03 00:18:08"
"495","15","1046","2002-01-18 09:47:44"
"496","18","1053","1985-12-07 05:09:48"
"497","40","1360","1979-09-19 11:56:38"
"498","74","1150","2005-07-30 16:51:34"
"499","56","1385","1991-04-01 23:15:56"
"500","7","857","2004-06-15 22:09:33"
"501","57","1969","1997-01-16 12:51:07"
"502","83","620","1975-03-04 09:24:19"
"503","24","382","2004-06-22 11:33:08"
"504","50","1013","1979-10-16 19:10:22"
"505","84","1767","1978-08-03 19:25:15"
"506","80","1646","2004-07-24 01:02:43"
"507","83","1811","2009-08-20 14:15:30"
"508","75","1541","2015-05-24 22:15:08"
"509","5","1846","2015-01-28 18:09:28"
"510","21","1552","2016-08-13 13:55:23"
"511","72","102","2003-08-15 19:05:24"
"512","15","1408","1994-07-26 14:27:50"
"513","10","495","2021-10-28 04:27:51"
"514","46","1369","2013-12-12 06:12:20"
"515","16","1359","1975-08-07 00:04:06"
"516","62","1369","2011-02-03 11:38:38"
"517","53","1670","1973-05-15 06:07:17"
"518","90","1874","2006-09-04 10:14:29"
"519","46","1997","1982-08-19 08:10:19"
"520","16","833","2008-08-07 03:20:21"
"521","9","1588","2016-09-26 22:42:28"
"522","66","928","1988-02-16 18:15:26"
"523","13","762","1975-01-14 12:11:00"
"524","19","862","2003-12-21 09:11:42"
"525","39","1833","2021-03-06 18:48:27"
"526","22","639","1976-11-14 02:52:25"
"527","50","1473","1972-06-05 13:08:29"
"528","62","1898","1998-05-30 09:31:14"
"529","28","1866","2019-03-18 15:23:49"
"530","48","584","2008-02-06 21:09:26"
"531","16","1971","1972-08-28 15:56:09"
"532","49","592","1979-03-19 12:19:32"
"533","38","1944","1992-09-22 01:08:49"
"534","75","1391","1998-08-25 05:38:34"
"535","97","1120","2001-04-08 05:58:51"
"536","44","1513","2004-02-11 03:01:18"
"537","58","1214","1994-06-06 01:53:18"
"538","22","726","1979-09-04 08:13:21"
"539","52","174","1982-10-06 14:25:10"
"540","35","89","2016-08-24 21:14:04"
"541","73","364","1988-06-11 13:13:52"
"542","16","1685","1998-02-11 15:08:02"
"543","26","1795","2013-10-18 01:26:40"
"544","68","1985","1981-10-05 17:51:45"
"545","76","907","1992-03-06 01:34:31"
"546","12","451","1988-03-17 11:57:35"
"547","15","1260","1987-02-26 06:31:15"
"548","64","450","2017-02-09 17:54:50"
"549","24","1429","1970-10-31 03:54:15"
"550","4","431","2018-12-26 22:42:46"
"551","53","593","2012-12-05 09:04:18"
"552","23","570","2008-05-12 17:38:54"
"553","19","940","2016-02-02 03:05:53"
"554","83","758","1983-08-21 16:27:58"
"555","83","762","1996-03-11 10:32:33"
"556","34","1082","1992-07-11 06:48:00"
"557","87","1662","1995-08-16 20:47:49"
"558","28","865","1986-11-18 18:00:31"
"559","79","289","2001-06-24 02:11:08"
"560","37","1088","2007-07-22 11:32:00"
"561","97","422","1993-01-13 11:40:48"
"562","28","1879","1987-10-02 18:34:23"
"563","28","747","2001-03-28 02:42:53"
"564","76","719","2009-11-14 10:13:43"
"565","78","837","1973-02-21 20:34:57"
"566","33","1828","1992-11-03 00:52:20"
"567","57","1330","2005-10-10 16:43:05"
"568","8","928","1989-12-29 22:34:34"
"569","71","1053","2010-08-01 14:51:41"
"570","96","759","1993-11-21 07:55:28"
"571","96","1812","1980-11-24 05:59:03"
"572","74","1261","2009-02-12 13:01:04"
"573","56","641","2011-11-05 13:22:13"
"574","14","1977","1971-12-21 10:08:28"
"575","43","574","2018-05-21 05:17:17"
"576","50","1126","1986-05-22 22:22:08"
"577","60","461","1986-06-13 15:56:58"
"578","49","1326","2006-10-02 00:43:58"
"579","32","1071","1996-06-21 10:59:05"
"580","27","1899","2017-11-10 00:32:25"
"581","69","1456","1977-05-06 05:58:36"
"582","54","505","1987-04-25 11:33:13"
"583","3","615","1997-07-29 01:04:48"
"584","52","719","1976-11-05 18:16:06"
"585","67","832","2007-01-20 01:53:05"
"586","41","1130","1992-10-12 08:43:23"
"587","73","1013","2015-10-14 12:48:36"
"588","43","1014","1983-04-26 22:42:29"
"589","23","1572","2012-04-28 20:15:45"
"590","1","1187","2002-04-04 08:21:07"
"591","50","594","1990-06-01 06:11:01"
"592","8","227","1984-01-04 16:59:21"
"593","74","559","1987-10-06 10:45:20"
"594","45","1175","1973-06-21 13:28:39"
"595","94","1420","1990-08-30 17:39:24"
"596","2","1638","1973-03-17 09:44:00"
"597","67","815","1997-04-08 03:46:50"
"598","24","1046","1982-06-24 06:12:19"
"599","20","802","2015-03-10 17:16:02"
"600","67","174","1990-06-15 10:43:31"
"601","15","355","2000-07-23 07:58:07"
"602","3","838","2001-08-20 01:48:35"
"603","55","800","1971-01-13 04:06:06"
"604","89","808","1977-06-12 18:19:28"
"605","48","432","2008-08-28 19:21:43"
"606","37","585","2000-08-10 16:51:36"
"607","57","1468","1973-03-24 21:01:09"
"608","62","37","1989-05-25 18:12:24"
"609","77","322","2020-08-17 23:26:48"
"610","59","656","2016-12-21 21:07:32"
"611","28","659","1982-03-08 07:03:14"
"612","7","65","1998-05-16 21:06:19"
"613","52","1808","1981-11-12 04:49:15"
"614","85","1018","2020-12-06 18:22:04"
"615","69","300","1972-07-18 03:56:01"
"616","89","1283","2015-02-06 12:00:31"
"617","61","1198","1970-01-01 08:45:05"
"618","41","1326","1974-04-28 20:41:01"
"619","80","736","2007-05-05 18:53:01"
"620","25","134","2008-08-12 09:36:31"
"621","99","1587","2019-09-28 14:48:53"
"622","76","782","1990-01-12 05:19:52"
"623","83","216","2004-12-16 02:50:26"
"624","30","1489","1986-06-09 22:18:59"
"625","74","1625","1970-07-19 09:28:31"
"626","40","72","1989-03-07 18:41:21"
"627","10","589","1991-09-06 09:55:03"
"628","11","1282","1972-09-03 21:31:44"
"629","75","1758","1977-09-06 16:22:23"
"630","52","983","2005-04-18 15:18:57"
"631","27","304","2002-12-05 04:10:15"
"632","27","624","2020-03-01 21:48:55"
"633","66","435","1998-12-10 19:57:25"
"634","59","1772","2006-06-28 17:46:06"
"635","92","1603","2008-11-14 17:29:37"
"636","17","1053","2013-05-10 20:18:28"
"637","85","259","2008-11-11 13:33:54"
"638","51","844","2005-11-02 23:22:09"
"639","77","1121","1996-11-22 07:47:53"
"640","12","422","1988-12-22 16:47:35"
"641","12","527","1979-08-01 17:40:49"
"642","91","506","2012-12-22 12:58:48"
"643","31","538","1990-07-06 18:46:46"
"644","66","1276","1979-07-31 11:15:56"
"645","66","1078","2006-01-29 13:52:21"
"646","53","1268","1971-11-11 05:42:03"
"647","72","473","2000-09-21 23:12:10"
"648","91","489","2015-08-04 16:33:39"
"649","17","1405","1982-12-05 08:45:30"
"650","38","958","2001-07-05 19:07:16"
"651","32","996","1980-08-07 11:09:50"
"652","36","1395","2009-07-01 07:28:33"
"653","48","1525","1973-01-13 09:32:26"
"654","43","1262","1979-02-05 14:09:36"
"655","16","167","1997-05-25 16:14:40"
"656","98","24","1976-08-09 18:09:19"
"657","47","1206","1997-07-25 11:11:58"
"658","56","382","2009-01-04 05:28:42"
"659","26","382","2002-07-09 01:27:54"
"660","90","1791","1972-01-03 08:35:27"
"661","88","966","1988-01-28 11:00:21"
"662","83","1885","1986-03-14 04:56:08"
"663","44","225","2018-06-07 02:28:51"
"664","2","1385","1971-04-02 17:41:07"
"665","26","469","2021-05-21 01:46:59"
"666","10","1340","1972-12-07 23:44:12"
"667","79","1862","1970-12-02 12:46:40"
"668","81","1744","1983-10-15 23:43:58"
"669","32","56","1989-06-17 12:54:26"
"670","13","943","1980-02-23 13:07:02"
"671","91","1986","2005-03-18 01:46:07"
"672","56","329","2009-07-14 03:12:40"
"673","94","1870","2017-01-14 21:19:22"
"674","24","638","2018-05-07 09:09:31"
"675","43","355","1972-03-15 02:07:16"
"676","18","1963","1992-01-13 04:04:39"
"677","51","1127","1992-12-25 12:57:14"
"678","94","429","1979-10-19 09:37:12"
"679","64","1640","2010-10-21 17:15:47"
"680","21","24","1995-08-03 04:16:08"
"681","53","454","1983-01-31 12:26:57"
"682","20","1431","1984-11-09 22:45:47"
"683","89","1334","1997-02-05 23:22:01"
"684","24","1187","2001-01-02 20:10:34"
"685","78","697","1996-11-22 13:47:08"
"686","6","1251","1988-11-23 20:02:19"
"687","33","1544","2007-05-26 13:58:18"
"688","98","1477","1978-05-24 01:00:58"
"689","13","1074","2009-06-15 18:17:04"
"690","58","364","1973-01-17 05:18:31"
"691","27","447","1984-03-16 15:22:58"
"692","81","1860","2013-11-21 07:32:51"
"693","35","704","1990-10-20 18:01:33"
"694","28","101","2018-05-05 17:00:21"
"695","88","928","2002-07-19 00:31:28"
"696","21","1234","1983-11-24 07:18:49"
"697","1","552","2009-12-31 13:20:05"
"698","24","1490","1977-11-23 11:41:08"
"699","44","225","1996-01-29 04:42:37"
"700","58","1230","1990-12-15 20:33:39"
"701","28","1778","1994-08-10 00:28:04"
"702","41","234","2007-12-30 08:13:58"
"703","57","1065","1991-06-17 23:24:42"
"704","9","359","2014-11-08 02:46:15"
"705","90","1107","1986-11-21 08:08:02"
"706","59","1765","1992-11-11 06:40:23"
"707","45","1606","2019-11-02 06:18:01"
"708","23","669","1995-07-31 01:52:56"
"709","16","265","1985-05-13 17:00:26"
"710","69","1684","1999-09-23 01:24:51"
"711","21","702","1998-11-12 23:54:26"
"712","5","1042","2003-12-08 08:50:31"
"713","77","1714","1980-09-02 05:50:10"
"714","95","1389","2010-06-28 08:34:53"
"715","89","742","2008-08-20 09:56:22"
"716","65","1593","1974-05-30 08:34:04"
"717","80","61","1982-01-13 16:04:23"
"718","56","1683","2006-07-08 13:26:03"
"719","81","1339","1993-05-25 00:17:42"
"720","62","389","2014-04-10 03:59:08"
"721","67","1728","2010-03-08 07:37:05"
"722","30","1283","1982-11-26 11:41:48"
"723","78","1672","1984-09-16 03:14:41"
"724","87","702","1987-09-20 14:25:51"
"725","33","821","2018-09-30 03:10:15"
"726","67","1318","2012-10-08 09:24:34"
"727","6","18","2000-02-21 00:50:49"
"728","29","148","2014-08-08 11:36:21"
"729","97","1477","1970-07-12 05:39:05"
"730","28","1977","1985-09-19 14:02:17"
"731","75","1870","1978-01-15 16:31:28"
"732","59","1282","1970-04-09 07:44:25"
"733","31","1065","2016-12-06 15:36:10"
"734","99","1530","2003-03-22 06:21:06"
"735","7","109","2013-03-10 10:52:44"
"736","55","289","1976-05-30 12:17:42"
"737","79","1170","2001-12-06 22:20:05"
"738","12","1898","1979-06-10 20:13:26"
"739","17","746","2009-05-19 00:56:44"
"740","61","422","2011-10-05 22:31:34"
"741","57","1283","1982-07-26 07:15:29"
"742","10","1969","1978-08-01 12:33:16"
"743","33","628","2008-05-19 14:30:27"
"744","78","758","2012-11-08 12:29:29"
"745","70","1482","1974-10-22 07:35:59"
"746","20","436","1983-10-25 02:26:56"
"747","75","1670","1986-03-17 20:52:10"
"748","35","62","1997-02-18 23:02:05"
"749","79","37","1997-01-28 12:39:42"
"750","28","190","2015-07-12 03:28:44"
"751","58","798","1976-01-30 02:02:47"
"752","87","1541","2012-10-25 23:58:38"
"753","68","1428","2012-06-24 10:16:28"
"754","83","1048","1996-12-29 19:35:12"
"755","56","563","1970-11-22 01:01:37"
"756","42","448","1986-02-20 17:33:32"
"757","62","779","2021-08-25 21:41:30"
"758","85","610","2013-11-25 10:14:21"
"759","97","51","1990-10-08 22:15:48"
"760","37","1795","2001-10-19 09:53:37"
"761","97","1898","1979-07-05 12:04:49"
"762","13","1507","1972-08-28 00:00:25"
"763","11","442","2003-09-10 08:18:19"
"764","22","58","2014-03-15 22:36:56"
"765","66","1219","1996-10-18 01:22:40"
"766","23","402","1997-04-11 16:57:31"
"767","72","1083","1985-01-18 13:33:31"
"768","79","453","2015-02-27 15:37:18"
"769","74","637","2005-09-16 05:35:19"
"770","86","62","1988-02-14 12:02:20"
"771","39","799","1986-07-28 15:24:43"
"772","10","1408","2016-04-15 04:45:30"
"773","91","156","2017-10-04 00:16:48"
"774","53","819","2001-09-04 14:46:44"
"775","9","1883","1973-09-24 16:39:51"
"776","68","968","2007-01-24 17:56:15"
"777","43","850","1980-05-07 02:07:00"
"778","91","403","2018-05-30 20:36:02"
"779","26","898","2002-06-09 00:05:51"
"780","78","1789","1976-06-20 16:05:19"
"781","19","304","1973-11-13 10:43:21"
"782","21","76","1980-01-26 14:10:24"
"783","40","1089","2004-06-10 08:03:33"
"784","31","1625","1989-10-05 03:39:19"
"785","28","824","2015-03-02 09:53:45"
"786","17","1142","1979-12-08 21:50:39"
"787","16","76","2002-08-15 08:41:16"
"788","34","1005","2019-04-13 01:53:35"
"789","97","773","1974-11-03 14:14:14"
"790","17","1031","2021-04-26 05:13:31"
"791","60","1164","1976-06-05 13:07:13"
"792","21","1061","1983-01-31 17:17:41"
"793","54","1816","2007-07-04 00:22:54"
"794","74","1354","2013-02-14 08:31:04"
"795","22","262","2020-09-25 07:46:39"
"796","31","199","1987-04-25 01:39:04"
"797","57","815","1972-08-08 22:17:31"
"798","51","1456","2019-09-05 10:00:27"
"799","55","571","2003-05-26 20:41:57"
"800","52","1927","1974-01-09 09:13:26"
"801","19","697","2004-03-26 00:24:57"
"802","15","740","2018-12-04 03:09:46"
"803","37","679","2000-08-29 21:52:24"
"804","92","1791","2010-06-18 14:12:10"
"805","91","314","1985-06-01 09:16:07"
"806","44","819","2005-01-15 16:11:25"
"807","81","627","2001-10-18 12:02:11"
"808","35","54","1975-05-29 05:27:19"
"809","94","1099","2003-02-18 19:59:07"
"810","47","199","2020-02-07 21:58:22"
"811","53","435","1991-01-23 04:19:49"
"812","39","506","2007-12-01 23:49:03"
"813","87","381","2018-03-20 22:48:09"
"814","98","1439","1993-05-16 22:16:17"
"815","85","150","2017-08-13 13:50:47"
"816","61","697","1978-06-01 17:50:19"
"817","38","1439","2011-09-09 22:52:29"
"818","24","1394","1981-08-01 07:55:35"
"819","58","129","1993-10-13 13:58:45"
"820","48","1685","1997-09-11 01:43:16"
"821","31","1302","2013-10-23 03:53:23"
"822","11","1742","2020-09-30 10:53:06"
"823","45","997","1983-08-05 14:21:22"
"824","67","1928","2014-08-07 12:41:56"
"825","35","1287","1988-03-04 05:07:45"
"826","59","88","2021-08-10 22:45:28"
"827","20","802","1988-12-25 19:18:16"
"828","45","975","1989-05-26 19:30:47"
"829","47","1351","1982-07-22 08:17:53"
"830","35","1811","2010-01-03 16:08:00"
"831","7","1450","1999-05-24 12:18:22"
"832","95","1283","1971-12-08 18:10:39"
"833","2","1980","2010-10-17 16:20:41"
"834","4","1544","1970-11-15 00:31:06"
"835","80","841","2011-10-28 14:14:49"
"836","24","129","1978-09-25 14:56:15"
"837","86","1429","2020-01-03 11:22:58"
"838","80","590","2015-09-14 15:21:57"
"839","99","670","1995-08-26 15:00:30"
"840","83","1036","2003-04-22 05:22:07"
"841","29","1154","2012-09-04 10:14:30"
"842","72","236","2014-05-02 23:25:53"
"843","74","1282","1992-09-21 17:05:56"
"844","97","489","1970-11-04 07:40:46"
"845","73","1395","2006-12-06 09:00:00"
"846","15","486","1980-08-31 12:03:13"
"847","61","292","2018-09-22 09:30:50"
"848","60","1778","2017-12-29 20:00:42"
"849","9","1891","1970-02-16 16:45:59"
"850","30","958","1996-12-18 17:45:49"
"851","40","36","1984-11-10 07:39:13"
"852","45","1334","2004-07-12 01:45:44"
"853","5","1858","1980-02-02 06:37:29"
"854","38","1219","1982-01-20 12:52:49"
"855","0","225","1998-07-04 08:17:57"
"856","44","1872","2021-07-04 00:00:24"
"857","69","148","1987-01-26 16:08:28"
"858","20","1551","2015-01-28 21:02:50"
"859","5","1513","1992-08-20 11:43:47"
"860","64","1893","1988-01-26 07:26:08"
"861","28","1587","2012-11-26 09:55:13"
"862","74","1638","2006-03-19 02:51:00"
"863","74","674","1976-12-07 18:04:08"
"864","43","599","1978-03-03 07:03:02"
"865","24","1597","1999-07-27 18:37:25"
"866","3","1315","1984-07-26 16:46:21"
"867","32","1756","2012-09-05 01:13:14"
"868","54","1239","1993-09-21 15:11:09"
"869","4","216","1977-09-09 10:28:53"
"870","55","1121","1973-07-31 12:56:11"
"871","96","1988","2003-10-28 22:17:39"
"872","74","1977","2015-09-06 08:02:14"
"873","20","1799","1985-06-24 10:33:53"
"874","4","260","1978-09-08 06:31:52"
"875","97","1472","2012-02-29 10:54:09"
"876","53","1313","2012-07-10 20:34:00"
"877","16","1398","1983-07-14 09:33:00"
"878","18","669","2013-02-26 21:56:35"
"879","86","74","1999-07-09 21:57:40"
"880","37","234","2001-11-24 12:56:46"
"881","40","854","1992-05-05 09:13:06"
"882","52","869","2016-04-30 13:40:09"
"883","46","517","1980-11-13 04:49:42"
"884","31","1585","2003-12-27 09:53:01"
"885","9","1762","1988-02-14 16:54:50"
"886","54","190","2012-06-08 07:32:02"
"887","82","66","1991-04-21 10:26:49"
"888","53","1950","2010-02-16 23:45:11"
"889","41","37","1976-10-13 03:43:50"
"890","57","1452","2010-12-12 12:57:02"
"891","31","376","1991-02-27 22:49:10"
"892","70","237","1995-10-09 05:54:45"
"893","45","1053","1985-12-19 09:56:15"
"894","98","1958","1986-01-01 05:13:16"
"895","87","555","2002-01-05 18:13:51"
"896","8","276","1978-05-25 09:57:27"
"897","68","9","2021-04-20 17:44:56"
"898","31","276","1989-02-27 18:41:11"
"899","0","592","2004-04-03 20:38:20"
"900","73","1772","1991-11-10 01:14:07"
"901","66","1806","1998-10-30 18:33:35"
"902","67","922","2011-10-27 20:40:36"
"903","58","365","2010-10-08 18:16:06"
"904","31","248","2018-12-20 19:34:07"
"905","47","1724","2016-01-12 16:11:40"
"906","77","136","1972-11-30 11:36:08"
"907","55","1070","1976-12-14 18:16:09"
"908","57","1998","1990-05-20 18:19:23"
"909","53","1191","1989-06-18 21:30:54"
"910","53","1210","2002-05-22 00:27:36"
"911","82","1611","1991-01-07 14:46:57"
"912","5","54","1982-05-10 04:57:08"
"913","98","1003","1994-03-15 10:17:55"
"914","73","490","1992-12-22 18:01:40"
"915","33","1542","1970-12-05 12:39:37"
"916","35","1075","1997-09-07 13:09:42"
"917","81","512","2021-06-04 22:11:10"
"918","51","329","1978-12-04 13:21:51"
"919","18","1754","1977-11-21 02:26:22"
"920","68","966","1992-10-23 07:59:44"
"921","74","1874","2013-04-18 20:01:23"
"922","21","824","1972-06-30 13:53:34"
"923","53","659","1991-11-27 09:46:19"
"924","69","1014","2013-12-18 11:23:36"
"925","36","1556","1972-03-04 10:41:26"
"926","75","1115","1987-04-02 22:43:08"
"927","56","1071","1970-05-25 12:30:40"
"928","76","175","2005-07-10 05:23:51"
"929","30","864","2016-07-29 10:44:03"
"930","32","389","1976-04-02 19:50:43"
"931","72","1567","1976-12-21 03:20:10"
"932","70","1465","1980-11-10 04:56:53"
"933","75","1468","1999-06-07 23:34:39"
"934","9","1272","2012-05-23 02:46:59"
"935","19","850","2020-03-14 17:53:42"
"936","62","1539","1978-04-03 10:55:32"
"937","79","1647","1981-11-22 15:13:29"
"938","79","67","2016-05-30 09:21:07"
"939","82","262","1983-05-02 20:59:09"
"940","20","1556","2007-11-03 23:28:15"
"941","47","1900","1978-10-13 18:13:46"
"942","49","1190","1989-06-28 20:02:52"
"943","39","596","1977-08-17 23:42:07"
"944","34","1113","1976-07-27 15:20:52"
"945","2","168","1973-04-30 19:06:40"
"946","17","822","2005-11-09 00:18:40"
"947","61","1170","2001-03-21 13:47:47"
"948","50","1724","2010-02-16 14:29:08"
"949","22","865","1987-11-19 17:34:31"
"950","27","1155","1970-05-06 00:53:53"
"951","79","1463","2017-05-18 13:12:00"
"952","30","988","2007-12-20 15:06:11"
"953","12","493","2004-05-13 23:15:26"
"954","77","1364","2000-01-18 03:31:02"
"955","79","206","2005-09-06 03:58:31"
"956","29","1864","1971-01-24 15:24:55"
"957","35","1700","1990-03-22 08:59:00"
"958","98","1154","1971-11-07 01:24:10"
"959","75","1778","1980-03-27 09:40:23"
"960","4","1286","1996-01-02 15:03:48"
"961","38","1865","2011-02-22 17:25:21"
"962","45","168","1970-07-27 00:45:30"
"963","19","351","2018-02-13 01:47:46"
"964","59","1493","1980-05-21 00:32:00"
"965","71","1008","1995-03-01 14:08:04"
"966","35","837","1986-02-22 20:22:26"
"967","69","352","2017-10-02 22:23:30"
"968","31","1918","2014-02-04 15:24:02"
"969","56","880","1985-10-01 00:19:18"
"970","70","1293","2014-11-18 00:47:17"
"971","10","54","2019-03-10 06:32:07"
"972","88","1115","1986-06-10 01:06:45"
"973","75","1251","2005-09-04 01:27:10"
"974","49","266","2017-01-06 07:03:15"
"975","22","314","2019-08-31 04:17:42"
"976","6","485","1983-12-11 06:40:22"
"977","12","593","1975-06-08 15:14:33"
"978","63","1482","2010-10-14 09:18:12"
"979","80","115","2021-10-29 10:04:26"
"980","9","976","1989-05-18 14:03:26"
"981","57","1208","2007-06-09 01:56:01"
"982","18","62","1972-04-03 20:36:59"
"983","47","1","1996-06-06 16:33:22"
"984","22","1073","2007-07-22 20:09:32"
"985","45","571","1983-03-24 05:08:41"
"986","47","1542","1993-12-19 04:23:45"
"987","18","783","2001-07-16 12:48:24"
"988","55","1955","1994-04-29 04:32:35"
"989","20","1719","1997-05-19 22:26:25"
"990","95","574","1999-02-13 18:56:43"
"991","87","526","2019-10-19 05:20:32"
"992","61","1762","2004-09-12 20:41:10"
"993","68","1691","1996-01-18 22:18:17"
"994","8","224","1993-01-13 00:47:58"
"995","8","491","1970-10-22 09:26:56"
"996","72","467","1993-04-11 01:37:10"
"997","66","822","2009-01-16 21:21:13"
"998","56","949","2009-05-04 19:03:37"
"999","73","789","2011-01-10 12:51:31"
"1000","61","1287","1987-02-07 13:10:15"
"1001","50","1714","1976-10-14 18:26:41"
"1002","7","1451","1988-07-14 14:33:01"
"1003","63","1823","1982-01-06 20:47:38"
"1004","76","607","2015-02-07 22:02:22"
"1005","83","434","1980-04-13 11:14:34"
"1006","72","1313","1995-10-12 11:17:48"
"1007","22","1859","1981-10-10 19:24:09"
"1008","15","1047","2012-08-10 22:55:38"
"1009","31","1795","1994-10-29 14:41:58"
"1010","91","289","1991-12-08 23:21:09"
"1011","27","1283","2001-06-20 18:48:33"
"1012","0","1849","2010-12-23 12:34:00"
"1013","96","1900","1977-03-19 23:03:12"
"1014","50","266","1987-06-09 00:53:31"
"1015","7","1744","2004-08-01 17:41:16"
"1016","3","1784","1976-10-12 05:00:33"
"1017","21","440","1978-12-19 05:57:41"
"1018","23","74","1985-04-05 22:32:17"
"1019","6","1197","2018-07-30 10:49:01"
"1020","72","206","1999-02-05 12:33:11"
"1021","82","1820","1985-02-02 05:04:26"
"1022","22","1036","1980-08-29 16:25:35"
"1023","20","1740","2018-09-01 12:58:21"
"1024","1","628","1997-09-30 18:12:35"
"1025","55","898","1980-08-09 19:13:43"
"1026","2","1122","2007-01-21 19:33:15"
"1027","87","1","1973-06-30 16:10:17"
"1028","58","557","1977-11-30 12:28:50"
"1029","13","1171","1976-04-04 08:59:19"
"1030","60","271","1980-12-04 04:15:37"
"1031","54","1272","1975-08-23 07:22:59"
"1032","58","1106","2017-03-04 14:29:16"
"1033","76","1318","1981-03-08 11:09:40"
"1034","41","1018","1972-02-07 03:54:02"
"1035","18","1342","1985-06-09 06:00:27"
"1036","14","1253","2021-10-28 15:41:31"
"1037","91","1307","2015-02-27 13:18:21"
"1038","37","396","2021-01-21 01:31:08"
"1039","94","407","1989-02-03 14:24:46"
"1040","5","1672","1981-11-21 08:42:56"
"1041","33","1157","1981-11-29 01:17:06"
"1042","98","562","2003-05-18 03:47:10"
"1043","25","1970","1985-02-11 13:08:58"
"1044","96","391","1975-03-02 03:36:48"
"1045","23","1429","2012-02-26 20:11:29"
"1046","58","1724","1992-09-28 02:38:48"
"1047","70","226","1985-11-24 09:26:25"
"1048","77","1253","1987-06-13 07:22:18"
"1049","55","9","2005-01-02 02:31:42"
"1050","6","1265","1987-09-15 22:07:13"
"1051","66","742","1980-03-29 03:31:24"
"1052","79","1985","2015-12-29 18:38:13"
"1053","84","513","2010-07-26 23:02:19"
"1054","39","592","2011-12-14 10:31:32"
"1055","19","413","2019-10-16 19:34:06"
"1056","1","260","2010-05-21 00:25:22"
"1057","3","1451","1996-04-26 01:13:16"
"1058","29","660","1977-03-30 11:27:26"
"1059","12","1115","1994-07-26 10:10:40"
"1060","64","1740","1972-10-09 23:20:12"
"1061","33","1679","1992-10-07 13:04:04"
"1062","83","679","1971-08-01 10:00:02"
"1063","66","396","1974-08-04 10:22:49"
"1064","69","1758","2002-03-22 04:59:20"
"1065","20","263","2020-12-18 02:39:19"
"1066","41","571","1992-12-28 17:45:59"
"1067","25","1364","2004-10-25 14:11:31"
"1068","62","33","2000-07-24 13:09:55"
"1069","12","594","2003-02-08 17:34:57"
"1070","25","234","2005-01-15 18:59:17"
"1071","99","910","2006-12-12 09:04:38"
"1072","37","384","1977-02-06 06:04:32"
"1073","80","782","1978-02-10 12:14:29"
"1074","64","253","1982-09-01 09:16:41"
"1075","19","1405","1993-03-26 17:24:11"
"1076","63","1048","1981-08-03 20:55:03"
"1077","52","618","2014-10-20 17:50:29"
"1078","30","53","1998-12-04 18:00:47"
"1079","36","328","2014-07-15 08:27:16"
"1080","85","429","2021-09-04 16:17:58"
"1081","10","1728","2007-08-03 22:57:50"
"1082","83","666","2020-06-12 18:26:26"
"1083","6","1882","2018-11-25 17:03:59"
"1084","13","1468","1981-03-15 14:07:20"
"1085","67","95","1979-01-17 04:39:19"
"1086","30","1656","1985-03-31 02:15:52"
"1087","48","802","1992-05-06 00:24:30"
"1088","6","905","1991-10-10 12:59:10"
"1089","74","1624","2011-02-08 21:42:47"
"1090","47","1120","2015-07-02 00:44:20"
"1091","27","662","1997-03-13 12:04:09"
"1092","87","1636","2021-08-06 15:27:50"
"1093","99","1359","2008-01-11 05:22:11"
"1094","26","1870","1994-03-29 04:28:31"
"1095","23","907","2016-04-12 05:29:06"
"1096","16","1950","1992-10-18 10:43:46"
"1097","68","1457","2000-11-29 00:25:37"
"1098","2","407","1981-08-04 11:46:18"
"1099","11","1603","2007-06-09 07:33:01"
"1100","44","641","1982-02-07 12:19:54"
"1101","24","247","2003-05-25 01:49:44"
"1102","92","51","2021-07-08 23:02:15"
"1103","88","1863","2004-09-01 22:39:19"
"1104","13","1445","1990-10-18 20:34:17"
"1105","74","345","2011-12-16 21:33:19"
"1106","61","1684","2005-07-31 18:26:07"
"1107","85","964","1997-12-13 19:52:47"
"1108","1","22","2010-06-29 07:23:38"
"1109","80","148","2008-01-04 07:00:51"
"1110","83","1474","1986-02-26 11:23:25"
"1111","31","1880","1992-03-31 15:04:11"
"1112","89","1723","2005-09-29 02:56:07"
"1113","64","506","1998-03-06 06:07:49"
"1114","91","417","1996-10-07 11:40:14"
"1115","72","1764","2018-09-22 15:40:52"
"1116","92","814","1973-01-03 23:10:14"
"1117","89","1362","1981-10-10 04:07:34"
"1118","80","248","1986-06-01 17:21:28"
"1119","75","1273","1992-08-18 10:15:34"
"1120","2","1522","2012-10-29 15:21:25"
"1121","60","1883","1972-08-31 20:38:37"
"1122","93","445","1974-12-05 03:25:09"
"1123","64","1369","2002-12-18 12:29:51"
"1124","41","996","1980-01-30 12:47:55"
"1125","17","1597","1976-12-30 12:47:33"
"1126","34","1170","1985-09-09 14:30:22"
"1127","29","1488","1996-12-27 13:34:33"
"1128","71","1681","2009-03-29 03:14:07"
"1129","79","1429","2018-09-28 11:36:59"
"1130","16","655","1975-08-14 04:06:55"
"1131","54","864","1993-11-23 18:30:19"
"1132","90","1341","2015-07-20 20:04:26"
"1133","79","1880","1972-06-30 12:30:50"
"1134","17","1643","1984-07-27 13:59:48"
"1135","33","338","2005-09-18 16:12:25"
"1136","24","1293","1976-02-04 10:24:11"
"1137","86","170","1973-08-18 01:29:06"
"1138","6","1362","1984-04-23 21:07:07"
"1139","98","265","1983-01-09 12:48:33"
"1140","26","334","2013-12-20 04:04:43"
"1141","98","1294","1972-10-17 04:40:07"
"1142","77","1902","2009-04-06 13:42:40"
"1143","90","547","2014-04-09 10:33:11"
"1144","11","1142","2021-09-19 05:14:44"
"1145","35","413","2020-07-24 11:01:33"
"1146","42","897","1981-05-27 21:13:29"
"1147","88","1768","1989-07-27 14:56:01"
"1148","19","1954","1975-02-02 20:36:00"
"1149","71","918","1986-03-25 03:43:24"
"1150","2","579","2003-12-07 13:42:11"
"1151","22","298","2004-10-07 12:15:02"
"1152","61","1657","1977-09-08 15:18:20"
"1153","90","1825","2004-03-08 14:36:50"
"1154","12","1880","1973-07-25 09:18:33"
"1155","92","1287","2004-08-23 17:47:26"
"1156","42","703","2011-08-26 09:13:30"
"1157","38","1858","1976-08-08 07:33:39"
"1158","16","1470","1970-06-01 07:22:26"
"1159","67","776","1996-10-15 16:00:38"
"1160","61","1347","1980-10-01 08:26:31"
"1161","56","1662","2012-08-29 01:55:51"
"1162","82","506","1995-08-07 19:50:31"
"1163","22","473","2011-10-10 06:56:21"
"1164","24","1833","1989-04-11 20:39:31"
"1165","72","768","1986-03-14 07:47:40"
"1166","80","1997","2004-09-21 04:14:58"
"1167","0","1493","1974-12-02 20:41:07"
"1168","48","773","1995-03-29 15:58:25"
"1169","50","1427","1984-09-11 03:20:13"
"1170","16","1252","1983-01-03 12:18:09"
"1171","84","1719","2003-10-29 10:58:05"
"1172","26","1272","1975-06-27 10:05:38"
"1173","32","126","1998-01-03 19:19:51"
"1174","18","968","1976-08-08 09:23:34"
"1175","55","954","1981-01-15 15:17:22"
"1176","44","783","2017-02-08 07:35:17"
"1177","37","1335","1991-07-20 23:46:32"
"1178","89","1833","2012-12-05 14:26:52"
"1179","51","1096","2001-03-02 20:21:29"
"1180","34","1679","2009-08-16 00:54:02"
"1181","25","206","2019-02-18 19:51:47"
"1182","89","1155","1982-01-25 11:38:55"
"1183","64","1562","2010-02-11 02:30:21"
"1184","91","530","2015-06-25 15:14:56"
"1185","20","54","1995-10-12 20:32:01"
"1186","11","1312","2015-07-16 05:29:21"
"1187","38","1197","2004-01-20 18:31:39"
"1188","62","1699","1990-11-22 09:38:49"
"1189","49","870","1975-09-24 15:21:23"
"1190","81","799","1992-09-17 14:52:43"
"1191","51","636","1992-09-19 05:19:10"
"1192","69","174","1972-12-01 20:14:05"
"1193","35","329","2000-09-17 10:28:15"
"1194","64","943","2016-03-26 22:20:42"
"1195","5","1426","1984-05-26 14:58:08"
"1196","57","1369","1981-09-21 01:37:23"
"1197","50","742","2000-05-12 01:57:18"
"1198","39","134","1992-10-07 06:25:33"
"1199","22","1900","2008-11-26 15:09:09"
"1200","33","1252","1978-05-09 18:28:52"
"1201","9","486","2020-09-20 13:42:51"
"1202","0","976","1987-04-26 17:24:36"
"1203","25","453","2013-03-12 03:44:49"
"1204","27","1683","1984-10-30 16:22:15"
"1205","24","1323","1998-01-01 23:50:36"
"1206","4","552","2007-07-06 22:34:03"
"1207","56","651","1990-11-25 10:07:33"
"1208","31","358","2013-10-05 10:34:19"
"1209","6","361","1988-11-05 07:49:40"
"1210","48","1517","2020-01-30 18:40:14"
"1211","71","1997","2002-01-10 03:08:18"
"1212","37","742","1993-01-01 20:18:44"
"1213","35","441","1972-07-02 13:08:09"
"1214","19","707","2009-08-29 02:49:28"
"1215","12","946","1981-05-20 14:44:09"
"1216","95","819","1971-04-10 02:28:42"
"1217","90","973","1981-07-19 17:23:55"
"1218","88","43","2015-06-13 17:28:25"
"1219","49","1860","2021-04-09 06:49:07"
"1220","74","256","1993-07-11 06:06:22"
"1221","82","364","1993-07-10 09:36:45"
"1222","79","1806","2011-08-10 20:56:55"
"1223","65","1618","1974-11-18 08:10:11"
"1224","72","624","2013-01-28 02:56:10"
"1225","41","263","2019-12-29 12:45:24"
"1226","68","1307","1975-06-12 01:59:04"
"1227","82","891","2007-02-13 09:18:29"
"1228","64","236","2003-06-11 11:56:02"
"1229","22","310","2006-10-22 01:33:05"
"1230","46","211","1980-10-13 03:09:24"
"1231","46","1108","1985-03-25 03:02:43"
"1232","91","150","2007-12-04 05:33:34"
"1233","96","378","1997-11-30 04:30:37"
"1234","55","655","2015-10-29 11:27:30"
"1235","56","1743","1994-03-01 00:29:16"
"1236","12","598","2020-03-25 17:09:38"
"1237","43","473","1982-06-09 01:36:28"
"1238","39","1996","1978-03-13 10:47:35"
"1239","84","1756","1988-08-17 23:26:08"
"1240","7","627","1995-08-14 04:33:27"
"1241","74","1742","2020-11-27 17:15:32"
"1242","24","1149","1982-12-19 11:23:06"
"1243","69","714","1994-11-27 06:44:41"
"1244","15","1754","2009-03-10 20:05:49"
"1245","66","1511","1993-10-28 17:00:34"
"1246","27","1206","2015-10-05 11:39:38"
"1247","67","1398","2011-07-31 03:58:47"
"1248","27","607","1979-11-26 10:17:58"
"1249","50","799","1982-10-06 00:19:14"
"1250","23","540","1971-10-05 13:47:03"
"1251","31","1996","1992-11-07 18:35:09"
"1252","82","1272","1979-12-27 02:22:07"
"1253","13","337","1989-07-22 20:17:05"
"1254","3","572","2020-11-23 16:31:53"
"1255","68","1427","1985-01-18 16:44:32"
"1256","43","776","1981-01-14 02:01:34"
"1257","68","756","2020-04-18 12:59:14"
"1258","14","1242","1993-12-18 14:02:57"
"1259","7","767","1986-06-20 00:21:53"
"1260","81","1157","2013-09-17 23:33:13"
"1261","86","908","2010-09-20 09:30:27"
"1262","85","88","1976-09-07 14:14:19"
"1263","27","1849","2012-06-20 23:26:06"
"1264","72","983","2001-09-11 03:21:12"
"1265","82","624","2003-11-29 00:14:10"
"1266","11","1411","1970-03-12 11:18:00"
"1267","91","1334","1982-10-09 00:03:38"
"1268","11","1799","1973-08-12 16:39:18"
"1269","56","840","1997-02-04 11:23:31"
"1270","41","1135","1978-09-10 19:40:18"
"1271","40","298","2019-10-18 02:15:07"
"1272","4","98","2000-02-17 09:12:32"
"1273","17","1259","1985-11-03 12:47:44"
"1274","7","1870","2010-08-25 18:49:58"
"1275","37","995","2000-08-09 22:15:06"
"1276","92","345","1985-01-03 22:19:45"
"1277","38","1318","1977-09-29 04:21:31"
"1278","66","1021","1991-06-08 22:52:55"
"1279","95","453","1974-03-30 04:54:26"
"1280","31","793","2004-07-14 13:19:06"
"1281","58","140","1977-01-18 07:50:41"
"1282","13","389","1989-10-06 18:40:47"
"1283","36","1852","2014-10-27 23:28:27"
"1284","30","870","1988-10-19 21:51:09"
"1285","69","873","1984-05-10 04:19:19"
"1286","74","665","2002-10-17 17:25:57"
"1287","28","1013","1974-09-29 23:46:47"
"1288","40","1182","1975-05-03 11:38:34"
"1289","76","422","1981-09-16 05:25:00"
"1290","87","348","1983-05-07 03:15:00"
"1291","1","808","1996-09-21 10:44:42"
"1292","38","381","2015-11-24 00:05:29"
"1293","81","1849","2001-06-04 18:27:15"
"1294","15","1621","1975-10-01 07:02:23"
"1295","24","1400","1997-07-12 11:22:06"
"1296","41","1456","1977-02-09 04:57:02"
"1297","89","365","1988-08-26 03:32:53"
"1298","80","489","2017-02-10 20:12:13"
"1299","26","918","2021-04-30 19:21:40"
"1300","89","1273","1997-07-12 23:45:16"
"1301","90","651","1996-04-20 11:59:02"
"1302","24","1018","1977-10-06 13:13:46"
"1303","78","1379","1993-09-01 12:01:43"
"1304","63","1882","1985-12-21 17:10:31"
"1305","92","1556","2012-06-15 14:54:42"
"1306","91","798","2013-10-11 09:41:42"
"1307","0","992","1975-02-02 17:30:52"
"1308","96","1248","2007-09-04 06:17:19"
"1309","79","579","2012-03-01 20:55:24"
"1310","34","217","1973-05-06 07:46:23"
"1311","69","1340","1997-03-20 23:47:44"
"1312","98","754","1990-04-01 12:42:36"
"1313","47","221","2011-12-13 09:06:39"
"1314","11","1394","1993-03-10 01:54:24"
"1315","4","1554","1984-06-06 20:03:37"
"1316","36","562","2010-07-31 06:13:14"
"1317","6","552","1972-08-09 03:41:55"
"1318","0","1742","1976-04-10 00:01:52"
"1319","14","1413","1980-06-07 14:58:12"
"1320","12","897","1972-10-22 21:23:48"
"1321","66","637","2002-11-28 07:12:09"
"1322","7","783","1987-10-26 16:12:12"
"1323","54","776","2003-03-04 16:42:42"
"1324","21","289","1971-12-23 12:46:28"
"1325","18","757","1982-07-25 06:40:26"
"1326","60","1551","1990-08-04 16:13:36"
"1327","1","1244","1989-09-01 19:42:18"
"1328","87","1214","2018-03-03 08:07:14"
"1329","50","221","1993-03-09 23:34:54"
"1330","86","1001","1975-02-19 06:36:12"
"1331","26","124","2017-01-02 22:44:55"
"1332","5","303","1971-05-04 13:30:27"
"1333","56","1471","2004-07-02 20:43:16"
"1334","78","372","1974-09-07 06:50:11"
"1335","89","337","2007-04-12 04:29:41"
"1336","3","1669","1990-04-30 22:20:55"
"1337","90","594","1978-05-05 18:18:52"
"1338","46","1958","2019-07-18 08:29:34"
"1339","16","1881","1972-10-15 19:30:36"
"1340","95","1214","1985-05-26 08:59:49"
"1341","55","109","2010-07-01 15:17:36"
"1342","76","1251","1989-04-17 07:21:41"
"1343","56","1014","1977-09-15 00:04:58"
"1344","62","1485","1995-11-23 21:31:03"
"1345","11","1452","1999-04-20 17:23:18"
"1346","91","736","1971-12-24 09:21:34"
"1347","0","1643","2002-08-18 22:00:09"
"1348","55","1683","2005-12-01 16:44:10"
"1349","56","634","2009-06-06 17:05:16"
"1350","46","1302","1988-08-18 11:16:24"
"1351","65","1645","2001-09-03 22:47:16"
"1352","64","358","1996-02-12 12:58:59"
"1353","28","1656","1977-06-04 20:39:50"
"1354","17","1977","1997-08-10 13:25:14"
"1355","1","835","2015-09-18 01:25:08"
"1356","50","366","1977-06-24 16:01:08"
"1357","83","212","1977-09-12 14:36:26"
"1358","29","226","1984-08-08 16:24:06"
"1359","81","636","1996-03-06 08:28:50"
"1360","5","1301","1993-04-01 02:30:28"
"1361","41","1808","2007-12-14 05:58:54"
"1362","86","197","2018-04-01 07:54:19"
"1363","84","1348","1991-09-02 17:29:58"
"1364","49","779","1983-08-05 10:45:34"
"1365","17","314","2017-05-15 13:31:08"
"1366","67","1239","2008-08-13 08:30:05"
"1367","55","824","1992-07-14 15:30:34"
"1368","18","346","2017-10-12 08:44:27"
"1369","59","1683","1994-08-29 10:23:51"
"1370","81","1470","2018-06-21 12:25:01"
"1371","68","767","1988-04-23 06:06:54"
"1372","89","1099","1971-10-02 22:47:25"
"1373","99","422","2011-10-22 20:24:52"
"1374","66","1","1982-04-18 21:58:52"
"1375","52","850","1975-10-12 22:43:15"
"1376","61","1880","1996-04-19 23:14:22"
"1377","6","1428","1973-08-20 17:36:09"
"1378","93","1842","2012-12-23 15:16:19"
"1379","1","1253","2011-08-04 20:23:00"
"1380","45","323","1993-08-15 17:02:10"
"1381","56","338","2014-05-04 04:41:32"
"1382","79","1239","2016-02-01 02:22:28"
"1383","33","1064","1978-06-12 06:04:37"
"1384","64","798","2020-08-04 00:21:33"
"1385","14","1852","1991-10-01 14:59:21"
"1386","21","1633","2012-05-19 21:17:37"
"1387","31","292","1997-03-23 11:11:07"
"1388","89","1806","1972-11-05 12:31:45"
"1389","39","262","1994-10-27 00:54:44"
"1390","28","1857","1986-05-30 11:14:14"
"1391","69","1366","2001-04-29 11:19:40"
"1392","68","301","2004-07-24 03:02:15"
"1393","3","1103","1972-10-29 14:20:49"
"1394","6","445","1987-08-10 12:22:27"
"1395","99","1545","2017-10-04 04:27:17"
"1396","95","482","1984-07-24 03:31:33"
"1397","70","292","2017-03-30 19:51:53"
"1398","2","180","1972-06-25 20:34:43"
"1399","26","1852","2018-09-20 14:15:48"
"1400","47","51","1984-07-24 05:38:58"
"1401","57","1046","2019-05-04 05:51:12"
"1402","19","844","1994-11-28 19:47:44"
"1403","97","660","1989-05-02 16:27:41"
"1404","98","1296","2016-07-04 21:47:52"
"1405","96","773","1971-04-10 15:16:32"
"1406","23","1662","1986-03-12 22:25:56"
"1407","76","1958","1975-09-02 00:48:12"
"1408","47","942","2020-10-27 11:57:05"
"1409","13","1757","1989-04-27 01:21:50"
"1410","17","306","1980-12-29 16:20:00"
"1411","25","1214","2012-05-04 04:06:03"
"1412","92","1","2019-12-19 02:34:55"
"1413","34","180","1973-01-23 16:22:11"
"1414","79","392","2001-02-01 02:27:49"
"1415","36","1502","1988-06-26 00:41:27"
"1416","50","815","1974-07-08 18:38:17"
"1417","85","310","1983-06-16 08:51:24"
"1418","7","359","1982-12-31 11:59:01"
"1419","83","322","1973-02-21 10:13:01"
"1420","25","1309","2009-12-13 20:51:39"
"1421","45","1235","2005-06-16 05:15:11"
"1422","40","406","2017-12-23 18:58:01"
"1423","9","222","1970-08-29 23:01:26"
"1424","16","258","2006-05-28 21:40:03"
"1425","86","231","1978-03-21 22:47:41"
"1426","54","1053","1983-01-03 01:54:29"
"1427","68","1451","2005-12-20 18:07:28"
"1428","15","334","2007-11-17 17:46:09"
"1429","36","697","2012-06-28 23:06:44"
"1430","75","473","1980-01-22 00:23:11"
"1431","55","1569","1973-01-08 03:02:54"
"1432","60","493","1978-05-09 22:14:21"
"1433","93","1053","2020-06-07 06:53:02"
"1434","34","1121","1988-01-18 13:03:12"
"1435","44","955","1991-07-25 14:46:01"
"1436","18","1302","2011-08-05 21:12:36"
"1437","53","361","1973-08-26 11:17:36"
"1438","70","252","2006-04-13 16:35:38"
"1439","63","1872","1994-02-13 17:34:03"
"1440","88","1008","1990-11-26 10:06:34"
"1441","96","131","1971-04-07 18:26:12"
"1442","31","381","1977-12-27 15:44:15"
"1443","52","947","1971-11-26 06:46:38"
"1444","10","1864","2009-02-03 02:35:18"
"1445","86","1843","2015-06-30 10:52:58"
"1446","3","206","2007-11-17 05:37:06"
"1447","16","1399","2016-02-11 09:25:42"
"1448","19","695","2005-08-11 08:50:54"
"1449","35","659","1996-08-06 23:05:09"
"1450","38","1139","2011-10-10 00:21:12"
"1451","41","760","2018-03-04 22:12:27"
"1452","16","693","1992-08-26 16:59:19"
"1453","14","1578","1992-12-15 16:12:12"
"1454","36","1385","1973-05-05 12:43:45"
"1455","61","1870","2008-06-19 02:26:53"
"1456","66","1952","1991-07-13 03:53:31"
"1457","34","1054","2014-01-12 16:25:36"
"1458","18","1500","2019-06-07 00:59:41"
"1459","16","1799","2007-09-19 08:51:43"
"1460","2","1294","1982-06-15 04:58:39"
"1461","7","1875","1993-07-10 16:06:54"
"1462","69","1793","1993-03-12 21:04:46"
"1463","3","1891","1983-10-09 01:05:17"
"1464","41","152","1993-04-07 23:20:01"
"1465","88","1603","2000-04-15 08:20:14"
"1466","96","1300","2007-02-25 21:14:28"
"1467","81","757","2006-07-29 05:11:42"
"1468","79","1070","2003-11-30 12:08:15"
"1469","40","1536","1989-11-22 00:26:46"
"1470","25","200","2008-11-13 22:57:48"
"1471","96","1048","1987-05-28 04:56:22"
"1472","11","1971","1988-06-03 22:08:22"
"1473","64","1989","1975-02-12 05:32:50"
"1474","3","834","2001-08-06 17:44:56"
"1475","24","1872","1994-04-19 21:13:25"
"1476","94","1461","1996-12-24 22:14:43"
"1477","93","335","1987-10-25 09:04:06"
"1478","58","149","1985-12-28 12:32:48"
"1479","15","1120","2021-09-29 05:54:01"
"1480","2","1282","1981-02-27 17:00:58"
"1481","76","1265","1989-02-19 08:00:35"
"1482","16","1608","2002-02-13 08:38:24"
"1483","88","1772","1991-06-12 01:54:07"
"1484","1","487","2016-11-22 03:21:26"
"1485","54","1260","2000-07-31 21:47:02"
"1486","58","174","2009-10-04 02:53:33"
"1487","71","448","1976-10-31 21:55:39"
"1488","18","762","2016-07-16 04:31:50"
"1489","46","1012","2003-07-29 22:33:49"
"1490","53","686","2013-03-26 22:26:49"
"1491","10","1751","2000-02-17 07:33:26"
"1492","75","253","1997-08-05 02:29:13"
"1493","30","341","1972-05-08 12:11:53"
"1494","9","1234","1993-02-05 07:46:56"
"1495","93","252","1987-07-02 21:00:02"
"1496","74","450","1985-02-28 00:53:59"
"1497","47","840","1976-12-28 00:01:28"
"1498","91","167","2005-10-13 08:48:32"
"1499","37","1191","1982-06-14 13:26:21"
"1500","83","1121","2008-03-13 12:38:40"
"1501","88","1235","1986-06-07 09:38:09"
"1502","70","1812","1983-05-06 19:44:06"
"1503","66","1866","2013-04-27 15:38:39"
"1504","78","1375","2014-09-30 05:22:42"
"1505","7","490","1970-02-11 21:42:23"
"1506","76","235","1989-06-14 08:37:25"
"1507","65","396","2015-06-13 03:54:39"
"1508","97","266","2018-01-12 22:35:45"
"1509","8","186","1982-11-05 13:32:09"
"1510","31","1798","1988-03-04 16:06:27"
"1511","98","1026","2017-03-08 18:27:41"
"1512","50","627","1979-11-04 23:14:53"
"1513","5","1482","1995-07-03 19:49:47"
"1514","34","1920","1994-05-19 03:07:05"
"1515","52","940","1990-06-15 07:29:21"
"1516","34","943","1975-03-05 10:06:25"
"1517","89","949","2007-05-26 07:19:27"
"1518","64","1782","1986-10-26 13:55:18"
"1519","35","236","1981-01-16 20:30:22"
"1520","24","1638","1971-01-20 11:52:31"
"1521","72","1276","1987-09-25 03:05:19"
"1522","32","1954","1996-01-20 19:51:32"
"1523","71","656","2019-11-16 10:25:39"
"1524","3","1286","2006-06-23 06:13:14"
"1525","87","1795","1987-03-27 16:44:38"
"1526","56","610","1987-09-07 14:33:14"
"1527","29","1242","1976-02-08 07:31:56"
"1528","33","1700","1974-06-17 10:22:36"
"1529","27","1636","2018-09-24 05:00:33"
"1530","99","1526","2010-06-19 07:31:46"
"1531","54","197","2000-06-30 18:52:24"
"1532","44","1320","1971-02-28 04:33:01"
"1533","17","48","1973-09-18 03:05:16"
"1534","94","579","1998-12-03 06:50:52"
"1535","52","1420","1998-09-10 00:10:21"
"1536","67","1682","1972-12-08 17:14:48"
"1537","82","1685","1985-06-26 16:02:50"
"1538","59","1160","1975-01-22 17:24:35"
"1539","15","1255","2017-03-13 12:25:06"
"1540","90","1296","2018-04-28 11:32:06"
"1541","49","589","2006-06-06 11:28:53"
"1542","11","1139","2009-09-06 04:42:50"
"1543","94","442","1971-08-08 18:01:51"
"1544","82","1500","1995-01-01 09:44:36"
"1545","37","1652","2008-09-06 22:56:20"
"1546","58","1294","2012-02-23 03:33:39"
"1547","18","1940","2010-04-26 19:20:58"
"1548","44","1887","1998-07-12 14:36:47"
"1549","27","1340","1978-12-22 07:29:40"
"1550","52","1765","2014-09-20 20:51:46"
"1551","73","1585","1977-10-10 17:22:09"
"1552","77","1874","1989-01-31 18:37:17"
"1553","47","489","1993-12-11 17:16:48"
"1554","25","1153","1983-03-11 18:56:06"
"1555","26","901","2017-08-27 16:44:56"
"1556","56","1261","2001-12-09 23:35:10"
"1557","32","1366","1985-07-07 18:04:51"
"1558","75","1150","1994-05-14 10:41:27"
"1559","49","74","1982-11-17 21:21:03"
"1560","4","1309","2004-06-19 01:49:12"
"1561","26","840","1972-01-07 21:47:53"
"1562","66","1825","2003-09-12 22:43:59"
"1563","89","1893","1987-07-19 03:37:31"
"1564","82","1638","1976-02-17 17:01:57"
"1565","23","596","2007-01-01 11:49:04"
"1566","92","1182","1977-12-20 07:02:45"
"1567","71","1242","2002-08-18 06:20:10"
"1568","65","434","1992-04-29 17:29:41"
"1569","24","840","2007-11-06 12:17:44"
"1570","80","346","1992-02-10 11:33:56"
"1571","71","1902","2001-08-31 02:00:46"
"1572","6","300","2013-08-07 10:25:13"
"1573","58","1926","1995-08-23 20:43:48"
"1574","57","1493","1983-05-02 18:07:28"
"1575","94","1474","1972-06-22 21:39:07"
"1576","67","1787","1985-01-07 23:11:05"
"1577","11","1068","1991-10-05 05:30:33"
"1578","75","1823","1980-04-30 06:54:00"
"1579","44","593","1982-07-03 13:33:16"
"1580","71","968","1986-02-03 16:58:10"
"1581","25","908","2002-04-29 17:38:48"
"1582","59","472","1970-07-27 15:54:10"
"1583","60","448","2013-01-05 14:12:59"
"1584","49","482","1981-04-19 05:00:40"
"1585","10","1952","1972-08-16 02:16:19"
"1586","56","918","1991-06-11 00:22:37"
"1587","99","1113","1975-02-11 09:25:11"
"1588","62","692","1975-07-22 14:46:11"
"1589","69","149","1982-03-24 10:07:36"
"1590","52","1110","1978-01-29 16:53:30"
"1591","80","261","2017-01-20 10:16:36"
"1592","98","1754","2002-04-24 16:00:13"
"1593","30","1171","1973-03-28 14:07:34"
"1594","38","1812","1978-02-18 20:26:44"
"1595","59","1872","1984-02-04 01:07:01"
"1596","19","1074","1992-01-05 10:37:10"
"1597","98","1","1999-09-03 17:28:09"
"1598","59","1573","2008-06-23 00:56:59"
"1599","63","423","1977-06-29 13:55:20"
"1600","25","1301","2010-03-05 20:43:16"
"1601","97","704","1994-11-08 20:54:35"
"1602","22","1088","1993-11-02 01:45:39"
"1603","74","1789","2014-07-20 21:18:17"
"1604","77","1638","1990-09-01 07:43:20"
"1605","39","1617","2012-03-10 20:11:46"
"1606","17","1224","2003-05-15 10:10:52"
"1607","4","44","2015-10-27 16:51:03"
"1608","72","783","1986-02-28 19:28:39"
"1609","58","1902","1987-09-13 16:28:16"
"1610","74","820","1991-11-19 03:06:29"
"1611","5","1844","1997-06-25 08:59:04"
"1612","51","1833","1987-09-13 12:29:09"
"1613","92","1512","1974-07-14 12:43:16"
"1614","15","1755","1972-12-04 08:36:28"
"1615","0","1531","2015-05-12 08:16:54"
"1616","84","1081","1973-11-02 03:15:34"
"1617","92","372","1996-08-28 01:10:50"
"1618","22","126","2020-03-10 22:18:20"
"1619","61","1079","1999-07-23 21:23:12"
"1620","31","1975","1992-06-21 17:55:01"
"1621","51","1251","2002-05-15 00:52:14"
"1622","45","131","1981-07-26 14:05:09"
"1623","1","1887","1999-01-31 17:45:18"
"1624","97","799","1984-05-12 18:08:34"
"1625","85","1657","2019-04-01 11:50:47"
"1626","2","136","1998-03-14 14:34:43"
"1627","2","1286","2009-04-11 08:09:12"
"1628","29","1983","1987-08-30 20:39:14"
"1629","7","1283","2003-03-31 06:35:36"
"1630","55","1767","2019-10-09 04:27:23"
"1631","12","136","2004-05-18 20:05:43"
"1632","56","596","2010-07-08 17:10:45"
"1633","85","72","2019-07-29 02:02:18"
"1634","61","471","1992-09-27 19:43:33"
"1635","28","789","1983-04-18 06:45:59"
"1636","51","1975","1995-07-24 01:54:52"
"1637","18","1253","1995-07-29 23:50:26"
"1638","13","905","2009-04-28 13:52:47"
"1639","14","1217","2017-10-05 22:26:32"
"1640","12","335","2020-03-26 17:20:00"
"1641","4","389","2002-05-26 09:23:47"
"1642","78","1110","2003-03-07 03:21:19"
"1643","45","202","2012-09-15 03:35:07"
"1644","34","1882","1994-09-28 09:00:07"
"1645","53","1916","1973-07-20 23:27:38"
"1646","47","58","1990-06-18 19:16:16"
"1647","47","65","1993-01-17 15:18:26"
"1648","86","352","1999-10-19 16:22:03"
"1649","88","1450","1996-11-23 11:16:15"
"1650","54","1489","1974-12-03 05:24:48"
"1651","66","1332","1983-08-27 12:10:25"
"1652","86","1334","2016-08-30 19:56:35"
"1653","32","1154","1999-10-14 17:02:27"
"1654","21","112","2001-03-27 11:51:16"
"1655","41","1774","1980-05-29 05:24:36"
"1656","89","1379","1981-07-08 01:22:15"
"1657","98","869","1976-05-03 16:50:44"
"1658","41","1809","2002-04-04 10:07:31"
"1659","16","496","1991-06-03 21:07:58"
"1660","88","26","2001-12-05 13:42:43"
"1661","14","467","2020-10-04 16:56:59"
"1662","95","382","1985-12-25 13:28:31"
"1663","93","255","2012-07-10 06:26:34"
"1664","73","502","2009-12-11 13:04:10"
"1665","27","79","1991-03-23 21:57:06"
"1666","71","1619","2011-01-11 02:14:03"
"1667","84","1426","1978-12-09 20:58:54"
"1668","88","839","1997-03-26 00:28:02"
"1669","44","1167","2010-04-20 00:29:23"
"1670","63","1032","1995-06-24 10:49:58"
"1671","1","1517","1972-12-04 19:23:16"
"1672","83","1995","2010-06-16 18:46:30"
"1673","59","1691","1970-12-26 05:21:42"
"1674","62","956","1971-10-22 19:33:26"
"1675","20","1023","2012-04-16 09:24:03"
"1676","80","1556","2017-09-16 20:13:52"
"1677","12","562","2011-05-23 17:19:16"
"1678","16","1500","1981-08-22 18:34:23"
"1679","16","802","1992-06-23 06:44:33"
"1680","47","1189","1991-05-23 09:53:17"
"1681","95","1081","1974-10-06 11:22:46"
"1682","74","1078","2006-08-22 11:02:29"
"1683","78","799","2005-04-14 19:47:51"
"1684","57","1870","1972-10-17 05:37:46"
"1685","68","1428","1991-06-09 13:35:15"
"1686","89","1573","2001-04-05 03:15:29"
"1687","58","1326","1986-01-27 07:22:45"
"1688","68","62","1985-04-09 03:50:16"
"1689","29","1036","2021-06-26 12:39:41"
"1690","67","776","1984-08-22 07:18:23"
"1691","86","304","2005-05-29 00:04:32"
"1692","56","1251","2011-02-28 12:32:22"
"1693","70","563","1992-10-05 09:36:51"
"1694","15","355","1975-11-08 15:51:42"
"1695","49","1599","1985-12-03 05:23:22"
"1696","55","372","2002-11-26 04:31:23"
"1697","81","1731","2019-01-22 05:42:08"
"1698","19","240","1994-11-16 21:12:39"
"1699","16","1672","1971-02-05 17:03:07"
"1700","85","1516","2014-12-23 19:14:55"
"1701","8","1218","2009-03-12 09:58:00"
"1702","42","1618","2000-08-01 02:37:07"
"1703","17","349","2001-08-06 10:57:14"
"1704","43","1531","1973-03-27 21:20:03"
"1705","44","954","1984-04-09 21:47:29"
"1706","78","1287","2019-11-17 18:32:48"
"1707","83","1244","1981-07-27 19:11:26"
"1708","17","1716","2011-06-03 15:44:21"
"1709","39","298","2020-10-12 14:05:38"
"1710","36","149","1999-11-06 15:38:49"
"1711","24","618","1997-04-21 12:25:37"
"1712","94","1474","1997-07-12 04:28:51"
"1713","65","980","2004-12-13 22:18:11"
"1714","96","627","1989-06-25 13:04:50"
"1715","70","1184","2019-01-08 05:35:26"
"1716","48","1940","1971-11-02 05:31:31"
"1717","78","105","2005-04-17 12:16:47"
"1718","44","1821","1995-12-16 00:24:32"
"1719","81","1678","2013-07-14 03:22:37"
"1720","84","1307","2002-07-19 22:48:33"
"1721","3","1276","2011-02-14 07:42:56"
"1722","98","266","1988-01-22 22:40:39"
"1723","5","793","1986-05-30 10:47:22"
"1724","24","407","2003-04-03 06:05:00"
"1725","73","1366","2011-01-04 14:04:43"
"1726","62","538","1982-05-02 11:40:51"
"1727","44","1200","2008-10-21 19:07:16"
"1728","45","574","2007-10-02 04:12:22"
"1729","28","1053","2020-01-31 11:09:39"
"1730","13","1048","1975-03-30 13:47:35"
"1731","60","66","2020-08-01 12:40:41"
"1732","41","1513","2014-11-25 18:23:55"
"1733","40","797","2021-02-07 09:18:53"
"1734","58","440","2014-06-18 11:17:34"
"1735","56","1472","1982-04-20 02:06:48"
"1736","3","1870","2014-12-19 18:02:06"
"1737","61","1471","1972-11-08 18:07:32"
"1738","90","1726","2011-01-10 07:58:37"
"1739","83","1450","1995-02-05 23:55:40"
"1740","10","1874","1981-08-24 10:56:28"
"1741","69","182","1989-02-14 10:43:41"
"1742","54","862","2006-07-10 15:59:18"
"1743","32","116","2018-11-05 02:01:57"
"1744","52","1301","2006-12-18 17:09:59"
"1745","40","1320","1990-12-30 05:15:11"
"1746","57","1511","2008-11-21 09:31:29"
"1747","80","964","2021-08-07 13:11:07"
"1748","17","820","2016-06-07 02:15:48"
"1749","30","692","2011-01-24 04:55:23"
"1750","2","1646","1983-12-16 18:47:14"
"1751","9","1195","1991-04-14 11:29:29"
"1752","26","1341","1994-03-04 21:54:56"
"1753","53","815","1970-01-30 09:13:59"
"1754","74","1195","2000-08-24 22:21:25"
"1755","0","1569","2019-01-13 02:17:44"
"1756","37","802","2013-04-10 19:35:20"
"1757","34","1287","2003-07-13 17:49:43"
"1758","80","1450","1974-12-24 19:21:56"
"1759","28","1589","2007-10-16 02:18:22"
"1760","44","1135","2004-05-31 15:27:22"
"1761","65","323","1976-05-26 07:42:16"
"1762","56","1427","1974-11-04 11:31:59"
"1763","6","1457","2011-02-03 03:20:05"
"1764","81","487","1993-12-13 23:53:53"
"1765","36","1761","1979-05-10 09:07:22"
"1766","94","1728","2011-03-17 14:29:03"
"1767","76","1709","1970-06-10 05:25:21"
"1768","57","156","2010-06-23 04:32:39"
"1769","65","1427","1993-04-21 13:06:58"
"1770","29","901","1989-04-06 03:16:04"
"1771","0","25","2017-10-13 01:22:53"
"1772","17","789","2015-10-07 17:04:42"
"1773","41","1044","1980-02-11 00:05:56"
"1774","42","1201","1970-07-14 20:29:53"
"1775","90","416","1991-04-19 11:05:06"
"1776","82","1765","1981-09-07 09:29:38"
"1777","56","1153","1974-04-15 06:07:26"
"1778","94","451","1973-07-24 06:20:39"
"1779","59","1944","2018-10-01 22:36:14"
"1780","8","1715","1987-10-31 05:48:45"
"1781","52","248","2016-11-10 14:39:50"
"1782","22","989","2004-04-02 03:19:11"
"1783","77","704","1993-06-02 23:06:52"
"1784","57","1398","1985-08-11 09:23:21"
"1785","56","1149","2015-10-17 20:00:19"
"1786","70","486","1993-11-28 06:27:33"
"1787","5","1206","1988-08-05 07:30:22"
"1788","55","72","1981-01-07 01:28:22"
"1789","82","101","2017-03-11 02:02:32"
"1790","97","151","1986-06-02 02:40:52"
"1791","52","1171","1996-01-27 22:51:09"
"1792","29","175","1973-12-17 10:04:46"
"1793","27","62","1980-03-09 03:19:39"
"1794","66","43","1982-02-27 04:43:35"
"1795","37","639","1997-09-04 16:50:59"
"1796","54","1142","1995-04-07 15:23:31"
"1797","8","636","1999-08-02 06:59:58"
"1798","24","1606","1975-08-17 08:56:23"
"1799","65","997","1991-11-30 07:53:42"
"1800","36","1023","1989-06-27 09:57:51"
"1801","94","555","1999-05-10 13:45:43"
"1802","33","407","2002-08-24 01:28:54"
"1803","8","1940","1976-07-11 12:36:20"
"1804","92","1043","2015-12-31 23:36:40"
"1805","58","1816","2018-04-01 21:05:38"
"1806","53","1810","1970-01-18 16:11:40"
"1807","48","1176","1986-01-03 04:43:24"
"1808","42","26","1989-09-30 16:01:22"
"1809","64","904","1979-07-15 08:48:01"
"1810","95","339","1976-09-10 04:00:28"
"1811","70","1993","2013-03-27 20:42:00"
"1812","3","541","1991-05-23 22:27:26"
"1813","38","1302","1971-07-17 22:00:06"
"1814","63","444","2005-12-20 13:13:40"
"1815","22","1730","2021-01-04 05:57:20"
"1816","62","168","2015-01-04 08:38:19"
"1817","61","109","1991-04-12 19:13:16"
"1818","23","170","1984-03-16 08:33:14"
"1819","77","841","1970-03-19 05:34:02"
"1820","42","1066","1996-12-22 20:50:59"
"1821","65","949","1994-04-05 00:54:50"
"1822","32","869","2004-09-15 15:25:48"
"1823","52","258","1994-05-14 16:56:14"
"1824","2","22","1978-04-23 06:23:49"
"1825","82","1865","1984-02-16 00:19:18"
"1826","43","1116","1974-09-10 22:15:16"
"1827","5","1143","1978-04-28 01:14:04"
"1828","5","874","1980-11-29 20:23:11"
"1829","7","1514","2004-02-25 23:49:03"
"1830","85","979","2006-07-28 10:58:02"
"1831","66","1511","2004-08-10 15:57:48"
"1832","1","1345","1983-08-01 19:31:58"
"1833","67","190","1973-02-28 18:34:51"
"1834","65","453","1986-11-10 12:31:46"
"1835","76","1526","1983-08-14 10:24:16"
"1836","1","1615","1992-07-12 23:18:27"
"1837","26","526","1996-11-15 16:18:20"
"1838","43","1314","1992-05-07 12:29:58"
"1839","45","210","2013-09-23 14:17:32"
"1840","41","393","1992-02-27 03:01:01"
"1841","5","873","2001-07-13 13:16:46"
"1842","59","1643","1972-10-11 23:29:17"
"1843","37","1287","1996-08-03 13:19:04"
"1844","84","81","1984-01-18 21:58:35"
"1845","19","461","1985-03-07 14:59:32"
"1846","94","199","1985-08-01 20:05:01"
"1847","73","540","1971-03-09 18:12:29"
"1848","99","1110","1978-06-29 17:47:29"
"1849","15","1122","1975-03-21 05:17:19"
"1850","40","1001","1978-11-27 12:55:19"
"1851","73","1723","1987-09-05 06:09:11"
"1852","42","1625","2019-10-28 00:08:52"
"1853","38","1150","1989-05-10 06:34:44"
"1854","33","346","1974-05-17 05:31:15"
"1855","89","413","2008-09-12 09:48:11"
"1856","93","362","2018-11-30 01:51:16"
"1857","35","461","1993-01-27 05:14:37"
"1858","27","1820","1981-11-02 10:11:40"
"1859","23","1542","1972-08-01 16:44:33"
"1860","32","1541","2014-08-06 09:42:05"
"1861","46","354","1981-06-02 22:32:22"
"1862","32","582","1981-11-19 14:46:19"
"1863","71","614","1972-01-14 03:55:53"
"1864","48","361","1986-02-04 03:15:24"
"1865","65","1127","1981-11-28 00:40:19"
"1866","58","658","2017-12-14 01:27:43"
"1867","76","1153","1981-10-11 03:18:28"
"1868","94","1542","2016-09-06 22:58:34"
"1869","68","988","1989-05-17 10:44:10"
"1870","4","765","2001-10-31 12:18:34"
"1871","7","942","2009-04-10 14:21:27"
"1872","42","955","1989-04-19 02:33:14"
"1873","97","56","1993-06-28 17:02:57"
"1874","99","95","1977-11-04 22:22:03"
"1875","70","736","1970-05-22 10:53:37"
"1876","38","271","1978-01-02 14:51:58"
"1877","72","361","1996-01-24 11:53:03"
"1878","82","1331","2008-08-23 07:16:08"
"1879","99","167","1994-08-05 08:34:42"
"1880","16","361","1986-10-19 18:38:33"
"1881","34","1833","2006-07-29 09:06:36"
"1882","71","1646","1972-03-17 09:59:44"
"1883","15","170","2000-07-14 14:01:21"
"1884","61","959","1982-05-06 12:56:27"
"1885","39","496","1991-04-04 13:05:50"
"1886","87","891","2009-08-29 01:39:28"
"1887","86","1078","1982-08-08 13:17:55"
"1888","39","779","1976-06-05 20:36:32"
"1889","5","615","2016-03-19 09:54:26"
"1890","26","148","1990-09-10 22:31:33"
"1891","0","1754","1999-05-21 17:26:00"
"1892","57","1268","1972-12-25 20:18:57"
"1893","1","1429","2006-10-30 11:01:51"
"1894","31","1870","1982-02-18 03:28:25"
"1895","44","1018","1992-12-04 18:04:53"
"1896","84","364","1996-02-23 22:17:59"
"1897","20","989","1975-09-26 11:19:01"
"1898","5","1808","2001-07-04 02:25:06"
"1899","80","525","2012-02-14 08:55:34"
"1900","20","1359","2007-02-21 12:25:47"
"1901","19","1793","2004-09-09 05:01:42"
"1902","28","1650","2009-03-28 23:29:03"
"1903","28","742","2009-04-04 03:38:32"
"1904","56","1680","1980-04-14 17:11:45"
"1905","51","1515","2018-03-06 00:19:08"
"1906","2","935","1988-07-07 17:06:51"
"1907","32","1783","1975-12-17 22:00:24"
"1908","95","1259","1970-02-19 18:09:42"
"1909","18","9","1998-02-12 20:09:16"
"1910","46","864","1987-11-28 16:20:13"
"1911","53","864","2017-10-14 08:53:17"
"1912","92","404","1996-07-26 19:38:10"
"1913","51","1955","2009-10-28 09:28:52"
"1914","22","959","1995-09-01 19:36:07"
"1915","93","1562","1997-03-28 19:22:35"
"1916","61","505","2008-01-08 04:39:35"
"1917","68","359","2003-01-11 07:50:43"
"1918","86","62","2015-03-08 18:53:03"
"1919","19","537","1991-01-04 00:43:54"
"1920","20","441","1983-06-27 01:59:43"
"1921","25","1110","1979-11-22 19:58:48"
"1922","59","496","1973-08-31 00:05:58"
"1923","36","1893","2015-06-24 23:46:16"
"1924","95","760","2011-06-25 15:43:27"
"1925","14","1726","2015-04-15 15:09:56"
"1926","35","396","1978-09-08 04:57:16"
"1927","82","1898","1976-11-24 18:29:18"
"1928","77","883","2000-08-11 09:46:26"
"1929","94","1300","1973-09-20 08:44:55"
"1930","13","1875","1982-06-12 20:39:20"
"1931","84","966","2014-10-14 16:00:50"
"1932","61","1020","1997-02-06 22:07:29"
"1933","81","669","1981-05-07 08:55:38"
"1934","31","146","2004-04-04 03:01:19"
"1935","17","247","2017-12-24 21:08:42"
"1936","46","1124","1981-07-13 02:57:26"
"1937","78","101","2013-06-12 16:08:09"
"1938","14","1274","1985-01-01 07:49:27"
"1939","42","846","2013-09-30 15:13:44"
"1940","85","1862","2013-10-02 05:45:52"
"1941","11","1784","1973-10-25 11:11:16"
"1942","46","517","1977-05-31 16:30:29"
"1943","56","767","2005-09-25 15:29:08"
"1944","70","1895","2009-12-26 16:57:59"
"1945","0","1574","2013-07-20 16:05:06"
"1946","82","300","2017-01-15 11:19:27"
"1947","22","1046","1981-07-31 22:46:59"
"1948","37","16","1981-04-18 15:24:42"
"1949","96","335","1974-08-04 14:02:59"
"1950","34","1482","1995-12-21 16:58:05"
"1951","82","1865","2021-08-14 10:24:44"
"1952","67","1773","2009-03-03 06:33:24"
"1953","32","1073","1989-04-26 10:07:49"
"1954","77","1104","1995-08-28 16:11:15"
"1955","60","416","1993-12-08 10:51:53"
"1956","20","303","1972-05-15 05:49:15"
"1957","95","1691","2013-05-24 10:19:55"
"1958","25","37","2003-08-26 02:06:46"
"1959","33","988","1986-01-05 16:14:43"
"1960","21","1620","2020-05-18 20:02:12"
"1961","55","1882","1973-06-13 09:51:39"
"1962","10","442","2010-06-09 15:01:23"
"1963","25","264","2005-02-11 23:03:32"
"1964","59","783","2015-10-17 13:19:04"
"1965","76","1617","2002-05-01 10:01:12"
"1966","69","769","2021-02-13 21:33:06"
"1967","37","197","1985-03-15 12:34:53"
"1968","60","1898","1990-11-14 07:42:09"
"1969","67","1373","2020-07-05 18:38:56"
"1970","72","954","1994-08-08 06:52:56"
"1971","77","1234","2018-11-15 06:03:34"
"1972","43","892","1985-12-26 18:56:07"
"1973","9","563","2010-11-15 06:38:43"
"1974","84","72","1972-03-05 02:56:39"
"1975","86","1883","1973-06-11 09:29:08"
"1976","92","1315","2000-05-08 04:12:43"
"1977","30","742","1999-04-10 03:34:40"
"1978","96","365","1994-05-27 20:25:55"
"1979","21","346","2008-01-08 20:11:54"
"1980","95","615","1996-05-10 08:13:32"
"1981","9","639","1989-08-23 06:05:22"
"1982","42","212","1973-09-09 04:18:39"
"1983","7","942","2013-03-03 15:44:09"
"1984","33","1103","1977-10-19 19:18:29"
"1985","40","300","1994-08-06 17:51:07"
"1986","2","1362","1972-01-13 16:50:12"
"1987","42","1283","1984-11-30 10:44:13"
"1988","14","782","1984-06-14 17:37:22"
"1989","47","375","2013-09-05 06:20:30"
"1990","25","1099","2011-07-08 12:21:13"
"1991","12","513","1991-10-14 14:38:28"
"1992","10","1300","1997-01-10 23:41:18"
"1993","67","1574","1980-06-24 08:12:30"
"1994","0","608","1991-06-06 21:07:11"
"1995","9","66","2012-04-12 22:46:14"
"1996","98","149","1982-07-09 23:15:23"
"1997","73","765","2001-06-07 20:32:19"
"1998","49","22","1982-02-25 06:11:59"
"1999","74","1517","1986-12-09 00:34:48"
"2000","57","810","1976-06-28 22:53:26"
"2001","58","1612","1996-09-13 20:35:02"
"2002","55","1031","2006-09-13 22:44:40"
"2003","66","1599","1985-03-19 21:56:30"
"2004","73","382","1986-10-09 23:14:57"
"2005","50","609","1974-07-13 14:35:09"
"2006","40","1217","2020-01-29 01:24:20"
"2007","0","663","1994-12-11 15:07:16"
"2008","9","1084","1991-03-30 14:38:26"
"2009","92","1187","1980-09-08 09:06:55"
"2010","79","1362","1970-03-11 09:28:56"
"2011","7","1578","1974-11-23 13:58:28"
"2012","0","1906","1987-10-23 17:23:46"
"2013","27","990","1980-05-08 14:44:53"
"2014","21","836","1970-12-23 17:17:26"
"2015","69","996","1988-01-24 12:51:13"
"2016","14","1108","1995-06-13 20:41:51"
"2017","6","1680","1977-11-07 16:51:55"
"2018","71","25","1987-05-03 10:12:55"
"2019","49","471","1979-12-28 04:00:40"
"2020","33","1709","2020-03-16 03:18:12"
"2021","15","767","1971-05-14 13:09:42"
"2022","18","589","1970-10-27 02:35:31"
"2023","90","1724","1983-09-21 19:13:52"
"2024","57","821","1997-03-16 16:05:00"
"2025","82","1176","2000-09-26 22:19:32"
"2026","57","1352","2012-10-18 10:04:14"
"2027","48","759","1987-03-14 17:32:35"
"2028","68","407","2010-05-26 20:25:02"
"2029","56","897","2004-07-19 05:30:24"
"2030","44","595","1990-04-15 23:56:44"
"2031","47","1849","1986-08-14 19:11:43"
"2032","70","1899","1995-03-17 23:43:02"
"2033","19","641","1996-11-29 17:00:02"
"2034","98","815","1997-01-08 19:16:42"
"2035","32","310","1974-12-26 09:51:26"
"2036","42","1818","2007-01-03 02:37:33"
"2037","96","1636","2003-04-14 09:36:09"
"2038","95","600","2006-08-21 01:36:25"
"2039","51","490","2011-01-05 12:30:37"
"2040","51","869","1973-07-01 22:49:59"
"2041","92","76","1986-02-15 13:07:00"
"2042","51","628","1991-10-02 09:31:55"
"2043","37","1531","2016-01-12 10:31:23"
"2044","37","454","1998-08-26 11:02:39"
"2045","43","530","2015-05-03 11:42:40"
"2046","82","857","2019-12-28 17:12:14"
"2047","53","620","1994-06-11 20:00:31"
"2048","66","1383","1997-07-23 02:31:35"
"2049","96","975","1990-11-23 09:06:18"
"2050","38","1268","1983-07-18 02:23:58"
"2051","32","1073","2009-01-30 19:48:35"
"2052","11","1018","1979-05-18 21:35:00"
"2053","23","1328","1979-04-29 03:29:27"
"2054","79","1124","1988-08-28 19:37:03"
"2055","55","354","1993-12-13 01:18:24"
"2056","55","880","1992-05-20 14:07:59"
"2057","78","726","1980-05-23 07:36:50"
"2058","87","58","2004-08-15 08:32:37"
"2059","90","1253","2013-09-16 22:49:54"
"2060","77","81","2021-03-10 01:15:30"
"2061","39","1742","1988-04-12 12:06:42"
"2062","90","655","2019-03-20 00:43:07"
"2063","80","555","1987-01-15 16:54:10"
"2064","63","44","1983-05-19 04:43:44"
"2065","4","1234","1972-07-04 02:27:58"
"2066","86","620","2012-03-09 21:22:10"
"2067","24","1820","2008-06-02 09:29:45"
"2068","86","1001","1983-06-08 22:43:28"
"2069","51","1906","1977-01-10 17:58:31"
"2070","32","1799","1997-07-18 23:12:45"
"2071","64","607","1982-08-17 21:51:45"
"2072","48","746","1985-09-25 15:59:53"
"2073","81","1472","2012-11-01 02:04:00"
"2074","70","1897","2000-10-06 08:05:54"
"2075","71","1891","2019-09-19 22:34:22"
"2076","11","1836","1994-11-20 01:39:45"
"2077","42","943","2009-07-29 13:46:45"
"2078","26","429","2016-12-27 04:13:19"
"2079","24","747","1988-02-04 10:18:43"
"2080","66","798","2020-10-26 22:40:52"
"2081","25","1969","2021-05-13 07:21:23"
"2082","12","889","2002-11-12 03:43:07"
"2083","92","451","2010-06-15 17:26:59"
"2084","67","1879","2020-02-24 05:13:50"
"2085","88","932","1997-09-07 21:22:07"
"2086","71","437","1993-05-27 12:59:21"
"2087","4","167","1998-07-05 03:36:33"
"2088","48","1782","1976-10-04 02:50:17"
"2089","57","1700","1988-12-25 00:07:25"
"2090","88","351","1996-03-23 17:30:48"
"2091","24","185","1979-04-12 17:09:21"
"2092","68","1048","2003-02-10 21:47:56"
"2093","58","1678","1985-05-17 21:33:55"
"2094","51","22","1975-12-28 21:57:04"
"2095","70","1618","1981-06-19 03:58:42"
"2096","16","1139","1972-02-28 22:21:29"
"2097","34","1897","1980-08-18 10:07:15"
"2098","73","1482","2009-05-04 21:47:10"
"2099","70","1795","1984-04-15 12:20:17"
"2100","62","226","1992-05-05 17:36:50"
"2101","97","607","1989-02-05 18:38:03"
"2102","90","935","1994-01-07 19:36:41"
"2103","63","1891","1991-10-27 05:13:50"
"2104","29","708","2001-03-25 11:43:18"
"2105","50","1944","2011-04-06 09:24:29"
"2106","79","1672","1998-03-05 02:18:04"
"2107","33","1280","1994-11-23 19:12:16"
"2108","22","235","1981-08-13 10:10:03"
"2109","93","1064","1999-01-21 17:15:35"
"2110","9","271","2015-11-27 02:41:57"
"2111","7","397","1995-10-17 15:53:09"
"2112","25","1851","2012-08-28 22:44:00"
"2113","16","1089","1970-09-14 04:33:21"
"2114","55","1900","1972-08-16 21:34:25"
"2115","90","1485","1988-02-19 08:48:03"
"2116","36","1296","1982-10-26 18:56:26"
"2117","70","1836","1991-06-04 22:35:47"
"2118","29","905","2004-12-02 00:42:01"
"2119","49","180","2021-08-13 14:32:24"
"2120","63","1787","2020-09-20 01:02:41"
"2121","54","168","1978-03-07 07:48:28"
"2122","76","1164","2014-01-27 12:41:03"
"2123","64","1372","1998-11-08 06:39:36"
"2124","74","922","2014-05-12 16:05:04"
"2125","73","306","1979-05-18 14:33:20"
"2126","12","1323","1997-10-10 02:57:42"
"2127","29","1516","2021-10-18 09:50:38"
"2128","49","662","2004-05-09 21:02:08"
"2129","99","628","2000-03-30 05:53:22"
"2130","16","922","1979-03-09 04:55:12"
"2131","43","1682","1979-10-07 00:00:55"
"2132","13","1032","1973-04-11 00:12:42"
"2133","55","1562","1978-06-23 07:52:49"
"2134","87","562","1990-07-11 16:26:01"
"2135","59","1672","1990-08-01 00:17:03"
"2136","94","459","2001-04-14 00:42:49"
"2137","22","975","1991-04-26 03:35:42"
"2138","18","301","1974-06-14 15:12:36"
"2139","70","1116","2018-11-03 11:14:01"
"2140","44","1983","1976-09-11 17:18:53"
"2141","79","262","2010-12-28 19:42:03"
"2142","3","585","2010-07-17 12:22:37"
"2143","0","89","1993-03-26 21:47:25"
"2144","83","304","1994-03-03 22:18:41"
"2145","6","51","2019-06-10 01:14:29"
"2146","0","242","2003-11-15 02:07:44"
"2147","63","1789","2003-04-05 00:03:17"
"2148","50","339","1979-04-29 12:49:53"
"2149","66","1216","2003-01-03 21:52:30"
"2150","63","454","1990-05-29 13:20:43"
"2151","35","1589","2000-04-21 09:01:45"
"2152","87","1135","1985-11-28 01:47:48"
"2153","66","1657","1971-09-02 15:09:15"
"2154","73","182","2017-06-25 03:55:58"
"2155","66","378","2002-12-09 08:05:06"
"2156","48","1070","2005-01-16 10:09:49"
"2157","66","1464","2019-05-16 17:04:28"
"2158","12","765","1991-12-11 18:53:43"
"2159","43","1289","2014-09-10 17:02:44"
"2160","55","1650","2013-02-19 18:19:41"
"2161","18","728","1976-08-19 01:57:53"
"2162","9","703","1972-09-20 18:58:35"
"2163","80","1825","1989-07-11 08:30:26"
"2164","62","1531","2000-03-30 10:25:04"
"2165","73","436","2008-02-10 10:42:18"
"2166","13","1809","1988-11-05 02:24:26"
"2167","40","1673","2021-01-21 19:04:34"
"2168","20","1135","1981-05-21 00:58:05"
"2169","92","48","1989-03-07 17:50:49"
"2170","55","432","2016-11-15 05:42:14"
"2171","93","1513","1971-02-20 16:04:52"
"2172","19","66","1993-04-24 20:03:21"
"2173","28","832","2000-12-01 21:19:17"
"2174","92","789","2015-02-11 09:17:33"
"2175","55","1182","1979-03-25 05:14:52"
"2176","56","448","1981-09-26 04:52:46"
"2177","15","116","2008-07-13 20:42:25"
"2178","72","1714","1988-10-30 01:18:26"
"2179","51","1004","2000-03-16 06:07:11"
"2180","88","1104","2018-01-10 18:59:23"
"2181","0","1825","1979-10-13 04:42:30"
"2182","73","1450","1998-10-10 09:47:33"
"2183","50","1975","2006-10-25 12:54:26"
"2184","85","582","2019-08-26 08:22:36"
"2185","82","1264","1975-07-10 07:33:06"
"2186","91","762","2010-12-24 02:08:28"
"2187","59","1882","1975-10-23 22:41:09"
"2188","60","253","2016-11-24 06:44:26"
"2189","23","76","2009-12-03 01:26:45"
"2190","42","354","2010-04-19 23:54:23"
"2191","99","1502","2007-04-30 10:45:50"
"2192","17","1399","1971-10-14 04:16:46"
"2193","87","120","2008-02-11 13:03:10"
"2194","93","1730","1977-10-27 11:25:41"
"2195","30","414","1999-01-27 12:26:03"
"2196","27","1923","2000-04-01 19:28:11"
"2197","55","18","1976-06-13 09:45:42"
"2198","27","1679","2014-01-22 05:05:08"
"2199","85","1502","1978-04-19 13:44:59"
"2200","6","221","2009-03-03 01:14:17"
"2201","7","1977","1995-07-21 15:48:52"
"2202","84","892","2020-06-18 16:42:59"
"2203","66","1902","1970-09-07 11:52:14"
"2204","25","1633","1990-04-03 18:30:10"
"2205","68","1044","1975-08-14 22:23:00"
"2206","49","671","1981-10-26 19:29:55"
"2207","83","928","2005-12-04 21:04:12"
"2208","62","453","2007-10-10 05:15:14"
"2209","31","1178","2011-04-14 19:08:36"
"2210","1","376","1975-04-14 21:58:56"
"2211","37","793","1988-10-24 08:10:41"
"2212","95","1488","1980-05-01 02:14:56"
"2213","53","850","2019-02-12 05:23:11"
"2214","93","1862","1982-08-06 06:26:06"
"2215","34","1728","1988-04-07 15:40:36"
"2216","5","1633","2014-02-11 12:14:13"
"2217","67","780","2020-03-29 06:23:17"
"2218","6","1106","2013-08-02 09:42:23"
"2219","13","1526","1992-09-13 07:45:47"
"2220","28","9","2013-02-01 23:06:13"
"2221","14","259","2013-07-11 10:02:40"
"2222","16","1624","1986-07-01 00:27:35"
"2223","36","1289","2009-12-25 05:00:16"
"2224","98","1716","2020-02-06 20:14:35"
"2225","78","609","1987-03-03 22:18:52"
"2226","56","736","1995-04-08 17:53:14"
"2227","29","1915","1975-05-10 13:03:33"
"2228","87","530","2021-10-18 01:03:45"
"2229","84","679","1990-10-01 21:42:30"
"2230","42","0","1973-04-12 04:39:06"
"2231","68","1261","2016-03-15 07:03:21"
"2232","41","459","2001-06-20 14:53:22"
"2233","87","1686","2019-09-14 07:58:08"
"2234","59","1573","2019-06-12 20:01:44"
"2235","37","620","1977-05-31 16:24:09"
"2236","40","1014","1972-11-18 01:15:21"
"2237","40","1554","1984-01-28 17:33:30"
"2238","82","65","1970-10-15 01:28:57"
"2239","45","767","1994-04-26 05:03:49"
"2240","41","582","1994-08-11 15:03:46"
"2241","16","1621","1988-03-13 23:59:14"
"2242","77","1743","1980-07-17 18:50:56"
"2243","21","253","2018-05-22 16:15:29"
"2244","41","819","1974-11-13 03:12:04"
"2245","51","1569","2004-10-21 22:35:15"
"2246","82","337","1999-11-20 23:03:17"
"2247","39","1988","2013-10-01 17:52:53"
"2248","9","1678","1982-01-30 22:14:31"
"2249","40","725","2021-09-14 19:32:11"
"2250","51","540","2002-02-05 21:23:27"
"2251","5","1429","1978-06-26 18:18:01"
"2252","86","824","1993-05-13 04:18:10"
"2253","56","1662","1978-10-10 21:10:41"
"2254","56","513","1973-08-06 03:54:42"
"2255","97","935","1989-01-06 10:19:33"
"2256","89","1798","1994-07-04 02:28:10"
"2257","1","670","1988-02-12 20:01:55"
"2258","91","935","2014-08-22 18:59:27"
"2259","92","835","1993-05-21 20:33:22"
"2260","19","1395","1999-01-24 15:35:29"
"2261","71","1969","2006-08-26 22:16:19"
"2262","63","1898","2011-10-02 02:32:29"
"2263","2","1669","2020-08-14 14:15:18"
"2264","85","1833","1982-05-12 16:31:08"
"2265","48","1516","2018-05-19 21:34:18"
"2266","1","1038","2006-01-13 00:32:30"
"2267","54","1313","2000-08-22 23:05:27"
"2268","29","451","2018-04-04 18:33:14"
"2269","58","949","2001-03-16 12:07:58"
"2270","27","679","1991-12-11 22:51:22"
"2271","85","480","1975-11-26 22:22:22"
"2272","97","843","1989-05-22 20:27:24"
"2273","84","513","1980-02-07 09:04:53"
"2274","53","434","2010-08-13 02:55:16"
"2275","97","1716","1981-06-03 17:19:40"
"2276","46","210","2005-04-08 18:21:22"
"2277","78","98","1999-02-17 10:15:55"
"2278","1","485","2002-11-18 22:24:18"
"2279","51","1108","1971-06-02 06:47:13"
"2280","34","1682","1984-05-27 18:59:01"
"2281","10","671","1981-08-13 17:42:18"
"2282","53","101","1990-10-31 18:14:44"
"2283","98","303","1997-08-04 18:05:03"
"2284","22","1767","1984-11-04 06:41:09"
"2285","77","662","2008-01-06 15:42:08"
"2286","80","518","2010-08-08 18:29:26"
"2287","64","1556","2006-12-04 01:42:42"
"2288","49","1716","1977-09-13 03:05:41"
"2289","54","1517","1990-02-04 08:43:31"
"2290","64","174","1982-08-11 09:48:43"
"2291","61","1150","1974-12-10 04:34:32"
"2292","1","1012","2020-05-11 15:45:54"
"2293","35","651","1973-12-23 20:23:34"
"2294","80","1431","2021-04-28 13:15:08"
"2295","6","1206","1989-05-02 14:27:43"
"2296","1","1813","1988-04-09 12:56:51"
"2297","2","874","1998-09-14 20:25:37"
"2298","14","1585","1978-11-30 14:44:08"
"2299","96","422","1988-12-24 08:57:52"
"2300","61","255","2010-04-27 05:58:30"
"2301","20","329","2003-05-18 00:30:24"
"2302","15","1541","2004-01-02 13:45:00"
"2303","94","1472","2008-04-13 16:55:21"
"2304","78","206","2010-02-02 13:26:35"
"2305","44","1986","2011-05-08 03:10:08"
"2306","30","1217","2006-05-23 07:04:40"
"2307","16","769","2006-12-31 02:31:57"
"2308","55","760","2007-02-15 21:02:00"
"2309","34","1816","1998-02-06 01:14:06"
"2310","96","1428","2019-01-15 12:17:42"
"2311","26","838","1993-06-25 16:41:54"
"2312","40","329","1994-06-20 19:36:29"
"2313","57","182","1991-05-09 21:38:03"
"2314","22","1324","2006-11-06 10:05:23"
"2315","35","67","1999-02-02 08:34:29"
"2316","20","323","2016-11-16 05:36:05"
"2317","50","489","2019-11-24 22:52:29"
"2318","10","1683","2001-10-18 14:29:08"
"2319","30","1866","1996-05-21 23:09:47"
"2320","96","1124","2013-11-18 00:07:44"
"2321","87","1005","1993-04-16 14:27:16"
"2322","4","1464","2000-07-22 13:31:07"
"2323","94","1899","2011-07-15 02:16:21"
"2324","28","839","2011-10-31 01:53:53"
"2325","30","557","1999-10-08 22:24:21"
"2326","44","1339","1987-10-03 23:40:39"
"2327","95","1875","2005-01-06 19:33:01"
"2328","0","1846","2000-03-26 16:55:26"
"2329","88","364","2009-04-02 11:54:18"
"2330","30","1970","2012-01-28 00:55:40"
"2331","98","1806","1989-04-21 12:07:17"
"2332","14","1198","1983-11-24 22:52:25"
"2333","44","1944","2006-09-02 23:37:05"
"2334","39","261","2012-06-01 10:26:19"
"2335","54","1451","1970-03-04 08:57:24"
"2336","85","838","1982-08-31 17:19:09"
"2337","95","260","1992-05-05 16:49:25"
"2338","72","131","2006-04-06 01:10:13"
"2339","38","840","2009-08-05 04:45:56"
"2340","57","736","1971-03-30 09:46:25"
"2341","52","252","2013-06-08 20:50:28"
"2342","75","256","1989-06-12 04:26:12"
"2343","49","487","2011-07-17 12:19:30"
"2344","39","959","1990-05-26 12:50:07"
"2345","21","665","2020-11-24 15:46:46"
"2346","96","1502","2003-11-13 09:20:21"
"2347","90","1054","2003-09-19 07:14:36"
"2348","50","1190","1980-08-01 02:22:26"
"2349","6","686","2013-06-11 22:16:41"
"2350","40","1593","1999-09-20 12:36:50"
"2351","63","109","2012-09-16 16:04:04"
"2352","71","1157","2010-01-07 10:52:11"
"2353","43","716","2007-01-27 06:03:03"
"2354","0","1487","1976-09-03 15:23:28"
"2355","81","557","1980-02-16 14:18:09"
"2356","10","862","1988-03-19 10:32:10"
"2357","84","375","2019-09-14 14:59:31"
"2358","55","571","1999-07-04 18:05:48"
"2359","97","1643","2001-04-12 13:58:11"
"2360","30","434","1982-08-07 04:48:11"
"2361","94","68","1977-04-24 15:23:47"
"2362","6","1264","2002-12-12 15:59:46"
"2363","1","1312","2014-03-29 15:58:15"
"2364","63","1875","1977-08-07 15:09:33"
"2365","36","173","1983-01-02 14:01:46"
"2366","81","1396","2002-05-21 16:33:03"
"2367","1","1928","2011-09-18 15:28:57"
"2368","54","628","2003-07-04 05:19:24"
"2369","30","871","2019-03-13 22:49:49"
"2370","16","1159","2006-06-21 07:46:33"
"2371","24","1073","1982-02-06 22:07:19"
"2372","80","1260","1977-11-04 21:38:17"
"2373","9","1861","1988-12-26 01:46:10"
"2374","36","448","1990-04-17 10:54:16"
"2375","3","871","2007-07-17 05:16:24"
"2376","85","656","2017-08-07 23:51:15"
"2377","83","648","1999-01-05 21:04:15"
"2378","44","840","1996-11-23 06:14:22"
"2379","21","1079","1986-10-25 12:05:19"
"2380","51","1348","1991-08-12 18:03:56"
"2381","48","1977","1979-04-13 23:32:39"
"2382","15","1046","1999-09-19 21:27:41"
"2383","41","1847","2000-11-27 06:23:07"
"2384","10","1522","2016-12-24 23:36:34"
"2385","59","59","1999-08-08 21:16:31"
"2386","59","692","2008-06-24 21:21:34"
"2387","64","1977","2008-01-21 00:50:34"
"2388","83","131","2018-09-15 21:00:46"
"2389","74","1949","1975-12-14 17:31:21"
"2390","15","1296","2021-03-04 23:16:13"
"2391","0","1074","1991-11-20 23:41:12"
"2392","17","406","1979-11-10 21:12:58"
"2393","82","1044","2014-06-26 07:54:27"
"2394","78","547","2018-01-05 19:31:13"
"2395","80","595","1971-03-18 07:03:55"
"2396","11","995","1998-05-05 18:00:20"
"2397","90","303","2018-07-28 00:22:14"
"2398","61","128","1976-01-24 08:16:53"
"2399","14","185","1971-08-21 00:45:46"
"2400","66","1851","1999-09-20 02:55:37"
"2401","40","200","1970-10-14 00:33:59"
"2402","27","1507","1978-01-16 02:54:42"
"2403","13","954","1989-05-22 19:13:39"
"2404","76","537","1980-12-24 11:50:45"
"2405","60","365","1999-05-06 22:42:34"
"2406","66","800","1986-02-12 09:42:27"
"2407","86","415","1998-09-24 21:10:31"
"2408","11","1784","1975-03-15 21:07:59"
"2409","23","1261","2019-09-04 22:06:14"
"2410","39","259","1997-06-11 09:14:03"
"2411","32","392","1984-12-27 04:08:28"
"2412","57","1836","1980-05-08 17:13:36"
"2413","86","1195","1976-10-15 10:05:17"
"2414","1","916","1972-09-18 04:08:32"
"2415","92","1590","1970-07-29 03:00:13"
"2416","45","1322","2009-02-07 03:46:18"
"2417","47","506","1986-03-21 23:19:24"
"2418","45","1053","2011-04-26 10:22:23"
"2419","18","322","1989-02-17 16:40:11"
"2420","37","1809","1987-10-08 03:05:56"
"2421","37","1899","1983-12-17 08:37:57"
"2422","50","271","1980-12-18 18:53:58"
"2423","79","1728","1993-08-07 15:38:54"
"2424","79","1931","1973-09-27 05:52:20"
"2425","10","540","1993-11-04 19:52:16"
"2426","91","1122","1983-03-21 20:38:43"
"2427","59","1148","2007-05-29 10:28:58"
"2428","37","1928","1976-05-13 20:48:54"
"2429","50","1420","1978-08-16 09:49:54"
"2430","96","740","1998-09-06 02:10:10"
"2431","75","1413","1985-12-29 01:06:02"
"2432","64","758","1996-01-21 21:49:21"
"2433","86","152","2018-02-01 08:24:24"
"2434","73","1774","1970-09-04 06:41:55"
"2435","13","1420","2009-12-06 13:52:36"
"2436","54","1485","2005-04-09 17:21:15"
"2437","17","1023","1987-07-15 22:14:39"
"2438","51","1723","2001-08-23 08:07:03"
"2439","20","496","1992-02-15 16:46:04"
"2440","89","1470","2017-03-12 20:00:19"
"2441","41","269","1993-05-28 16:30:10"
"2442","11","1955","2001-12-17 02:15:48"
"2443","7","1066","2004-12-26 17:26:56"
"2444","64","1234","2018-03-14 22:45:31"
"2445","95","288","2011-10-24 15:43:29"
"2446","38","359","1982-02-06 21:12:38"
"2447","63","1887","1982-08-16 05:54:39"
"2448","53","1620","1987-08-21 19:10:17"
"2449","28","862","1977-09-08 19:04:16"
"2450","47","564","2002-04-03 06:01:43"
"2451","80","1593","1989-06-16 16:54:22"
"2452","59","262","2019-03-14 13:55:45"
"2453","8","871","2008-06-28 19:37:35"
"2454","26","538","2000-06-29 00:51:50"
"2455","66","995","2009-11-20 22:27:43"
"2456","34","835","1974-09-18 04:17:16"
"2457","25","1445","1990-03-31 10:51:58"
"2458","53","1444","1973-11-17 21:58:02"
"2459","82","1516","1997-05-11 07:17:41"
"2460","86","391","1984-06-09 16:28:01"
"2461","13","846","1988-08-04 16:09:15"
"2462","95","1617","1971-02-14 01:50:06"
"2463","93","1722","1974-07-13 21:13:54"
"2464","4","1420","1991-03-24 01:23:45"
"2465","77","1818","2004-05-22 22:48:05"
"2466","33","857","2001-08-18 12:14:29"
"2467","45","703","1970-12-17 18:25:19"
"2468","56","415","1986-03-13 11:37:36"
"2469","13","1927","2016-04-20 15:32:34"
"2470","78","1764","2020-03-29 03:33:36"
"2471","92","396","1975-03-07 14:36:22"
"2472","4","329","2009-12-18 15:53:00"
"2473","26","1272","1976-10-17 08:52:58"
"2474","72","1428","1977-05-31 18:39:49"
"2475","78","602","1985-12-30 13:51:28"
"2476","58","1897","2013-03-01 14:13:17"
"2477","93","973","2007-12-31 15:34:51"
"2478","78","1197","1994-10-03 16:23:56"
"2479","34","580","1994-06-12 10:17:20"
"2480","46","1318","1972-01-27 17:07:04"
"2481","52","1396","2021-01-03 14:20:22"
"2482","93","762","2020-12-07 12:30:48"
"2483","40","9","2007-04-30 20:18:41"
"2484","3","1274","1981-08-29 16:32:41"
"2485","13","638","1988-03-02 21:39:39"
"2486","96","1610","1984-03-31 22:55:38"
"2487","93","1314","2018-03-31 20:56:50"
"2488","38","423","2010-02-11 21:49:07"
"2489","99","493","2020-08-20 11:35:37"
"2490","7","1764","1979-12-05 02:31:16"
"2491","79","322","1998-03-21 00:11:15"
"2492","14","391","2001-04-06 18:43:00"
"2493","45","1761","1987-07-10 22:15:44"
"2494","48","1474","1993-02-13 08:03:53"
"2495","39","1261","2006-02-23 21:42:15"
"2496","98","441","1993-07-01 22:08:43"
"2497","95","1396","2006-08-29 04:48:02"
"2498","51","525","1985-01-04 05:01:29"
"2499","58","164","2006-03-15 16:20:58"
