"1","50","3105","455.53","1","1"
"2","66","1991","207.38","8","1"
"3","75","3653","464.27","9","0"
"4","37","573","386.12","10","1"
"5","69","2889","414.77","3","1"
"6","13","2990","37.87","6","1"
"7","72","413","181.55","6","0"
"8","71","1954","226.66","5","0"
"9","71","3752","7.11","7","0"
"10","79","2022","423.42","4","1"
"11","91","3566","32.24","10","0"
"12","31","3291","495.18","9","1"
"13","12","330","163.65","8","0"
"14","39","2258","149.90","2","1"
"15","70","833","493.77","9","1"
"16","57","376","305.49","6","0"
"17","38","754","96.23","1","1"
"18","61","283","45.86","3","0"
"19","5","3451","41.89","9","1"
"20","91","2149","141.66","4","0"
"21","87","2416","422.53","10","1"
"22","58","2018","338.82","6","0"
"23","42","2510","59.62","10","1"
"24","25","996","8.93","5","0"
"25","91","904","190.21","6","1"
"26","8","413","400.18","4","0"
"27","74","2598","465.68","10","0"
"28","4","510","325.24","10","0"
"29","51","375","189.14","1","0"
"30","25","3937","496.23","2","1"
"31","27","2979","409.07","1","1"
"32","80","416","427.33","2","0"
"33","10","2650","154.44","7","0"
"34","8","2063","239.05","10","0"
"35","90","1603","102.33","6","1"
"36","73","694","357.86","4","0"
"37","87","649","432.20","6","1"
"38","16","2445","471.56","3","0"
"39","61","2791","209.72","9","1"
"40","84","1463","198.84","5","0"
"41","72","2830","6.58","2","1"
"42","95","188","278.35","3","0"
"43","98","3905","246.45","10","1"
"44","87","1472","302.81","10","0"
"45","92","1271","198.95","7","0"
"46","1","2436","98.89","6","0"
"47","31","914","326.57","7","1"
"48","5","1648","446.89","10","1"
"49","99","2713","363.05","3","1"
"50","9","1062","359.20","8","1"
"51","72","2474","386.00","1","1"
"52","42","1279","428.59","1","1"
"53","25","2247","493.81","2","0"
"54","2","1646","486.86","7","1"
"55","1","875","7.91","1","0"
"56","25","488","311.83","4","1"
"57","36","2821","500.23","2","1"
"58","51","2571","41.02","5","1"
"59","15","3529","131.17","9","1"
"60","15","3572","79.35","1","0"
"61","6","843","348.33","9","1"
"62","47","3844","290.05","10","1"
"63","92","2639","462.58","7","1"
"64","69","731","106.48","10","1"
"65","2","568","77.34","6","1"
"66","48","2943","47.43","10","0"
"67","6","1105","83.19","10","1"
"68","47","1618","280.16","5","0"
"69","62","2993","122.06","5","0"
"70","67","2985","36.38","7","1"
"71","39","1699","55.12","9","1"
"72","61","1381","430.43","2","1"
"73","15","2866","254.54","1","1"
"74","43","3010","351.19","3","1"
"75","82","357","33.10","4","0"
"76","8","1577","4.12","7","1"
"77","58","3769","250.74","4","1"
"78","11","1509","112.33","10","0"
"79","56","787","183.14","2","0"
"80","68","1850","385.86","4","0"
"81","64","1631","131.26","1","0"
"82","80","600","53.25","8","1"
"83","47","2239","423.19","2","1"
"84","19","2310","207.81","7","1"
"85","87","3757","454.41","8","1"
"86","82","2745","447.25","9","0"
"87","2","1394","361.95","6","1"
"88","5","2151","75.32","10","0"
"89","49","2388","150.91","8","0"
"90","11","2116","444.05","2","0"
"91","17","167","153.01","8","1"
"92","21","3280","76.83","8","1"
"93","65","1566","461.67","9","0"
"94","74","372","347.66","10","0"
"95","96","1747","463.96","4","1"
"96","69","3692","306.53","8","1"
"97","78","2402","119.02","1","0"
"98","39","2077","291.32","6","0"
"99","64","3523","134.38","7","1"
"100","50","256","83.82","3","0"
"101","37","2988","424.42","1","0"
"102","62","1712","72.62","10","0"
"103","87","2862","77.45","7","0"
"104","79","1910","197.58","1","0"
"105","61","3188","77.02","1","0"
"106","81","1327","53.89","9","1"
"107","25","1571","401.99","8","0"
"108","8","2500","358.59","10","1"
"109","84","510","496.87","10","1"
"110","17","3926","466.49","5","0"
"111","67","3525","402.24","1","1"
"112","57","1522","387.24","8","1"
"113","81","309","489.05","1","1"
"114","33","3691","13.66","10","0"
"115","30","383","397.80","9","1"
"116","65","1251","484.14","3","1"
"117","73","1729","472.10","2","1"
"118","9","407","212.99","3","0"
"119","58","1766","351.53","1","1"
"120","42","2960","129.10","6","0"
"121","16","1472","354.03","6","1"
"122","23","41","425.29","6","0"
"123","77","3660","73.26","1","0"
"124","85","2760","374.15","1","1"
"125","48","2825","12.77","4","0"
"126","24","1860","57.61","6","1"
"127","17","115","494.26","6","1"
"128","61","3936","149.37","9","1"
"129","24","2430","41.13","9","1"
"130","21","1543","459.18","3","0"
"131","41","2083","124.30","3","1"
"132","48","1720","339.05","3","0"
"133","51","320","359.09","3","1"
"134","39","2256","213.94","3","1"
"135","39","2610","181.10","4","1"
"136","81","1513","326.67","1","1"
"137","53","35","213.93","6","1"
"138","27","1523","150.60","2","0"
"139","14","1135","57.71","10","0"
"140","90","1828","475.51","3","1"
"141","56","716","126.58","6","0"
"142","46","1895","323.81","2","1"
"143","97","835","150.00","8","1"
"144","1","896","152.14","5","0"
"145","55","2893","384.60","2","1"
"146","98","3936","118.69","7","1"
"147","81","89","61.34","1","0"
"148","33","1632","269.74","7","1"
"149","14","3058","129.45","5","0"
"150","77","350","18.09","5","1"
"151","69","1393","60.67","4","0"
"152","9","1700","440.37","5","0"
"153","74","2143","321.26","9","0"
"154","53","3915","324.69","7","1"
"155","38","1812","190.72","3","0"
"156","16","2856","61.48","7","1"
"157","18","2293","342.38","6","1"
"158","96","1701","111.61","8","1"
"159","64","2671","490.07","8","1"
"160","19","3053","253.06","10","0"
"161","4","1456","241.50","1","0"
"162","88","3552","41.87","7","0"
"163","47","169","59.79","1","1"
"164","82","2866","149.93","4","0"
"165","97","2347","147.24","2","1"
"166","59","2935","169.49","3","1"
"167","54","2655","459.87","7","0"
"168","58","3823","362.18","9","1"
"169","17","856","466.23","8","1"
"170","50","1751","413.62","7","0"
"171","26","1800","481.26","10","0"
"172","50","137","119.81","2","0"
"173","47","234","380.81","3","0"
"174","79","1219","313.11","9","1"
"175","99","3595","452.45","7","1"
"176","7","2589","356.66","9","1"
"177","75","1863","250.32","8","0"
"178","44","1090","21.05","1","0"
"179","45","16","148.83","1","0"
"180","9","3223","219.87","4","1"
"181","72","3775","113.58","4","1"
"182","78","420","310.10","6","1"
"183","69","1867","457.41","5","0"
"184","67","182","97.47","2","0"
"185","68","1417","96.25","5","1"
"186","40","2118","440.49","5","1"
"187","45","3572","364.30","1","1"
"188","71","297","4.58","8","1"
"189","7","3757","414.52","8","1"
"190","57","484","43.10","4","0"
"191","98","630","211.27","8","0"
"192","55","2290","386.50","1","0"
"193","32","2008","112.16","5","1"
"194","41","1782","54.71","5","0"
"195","92","1216","398.56","9","1"
"196","69","2599","133.34","4","0"
"197","16","2519","401.91","2","0"
"198","94","1699","127.27","5","0"
"199","95","2194","263.54","1","0"
"200","50","2643","139.15","10","1"
"201","30","2765","366.90","9","1"
"202","29","3031","425.30","2","1"
"203","87","1341","119.47","8","1"
"204","75","702","70.01","9","1"
"205","47","2398","325.03","3","1"
"206","20","3997","90.65","2","0"
"207","98","846","400.99","8","0"
"208","31","3001","67.29","7","1"
"209","78","2421","67.80","8","0"
"210","79","3416","13.67","10","1"
"211","63","1867","158.01","4","0"
"212","85","3601","253.94","8","1"
"213","91","3473","40.33","3","1"
"214","91","783","420.40","5","1"
"215","8","855","19.40","4","1"
"216","57","2738","371.84","4","1"
"217","45","2751","83.39","1","1"
"218","74","2210","29.93","3","1"
"219","3","2012","321.07","1","0"
"220","6","51","115.83","6","0"
"221","8","1413","497.84","7","0"
"222","28","1839","222.18","6","1"
"223","23","2659","168.93","7","1"
"224","2","1677","456.33","9","1"
"225","98","172","289.15","7","1"
"226","22","13","256.17","10","0"
"227","11","1352","121.22","4","0"
"228","22","3043","403.87","9","0"
"229","92","322","218.76","2","1"
"230","91","615","314.77","1","1"
"231","44","3301","377.93","7","0"
"232","81","3820","455.04","8","0"
"233","46","1200","343.19","8","0"
"234","65","1458","83.94","7","1"
"235","35","3291","252.50","1","1"
"236","68","3689","147.70","8","0"
"237","99","2179","292.70","5","0"
"238","59","1619","369.15","7","1"
"239","64","210","10.34","1","1"
"240","88","2787","297.89","5","0"
"241","98","2168","264.43","7","1"
"242","27","476","289.42","4","1"
"243","21","3754","444.19","6","0"
"244","75","3344","26.72","3","1"
"245","47","1193","320.37","6","1"
"246","52","2461","220.21","1","0"
"247","73","179","226.16","6","0"
"248","93","1968","465.85","5","0"
"249","9","2249","479.54","5","0"
"250","68","696","32.84","3","0"
"251","65","2590","407.69","10","1"
"252","97","1781","136.39","5","0"
"253","55","3189","419.91","5","1"
"254","69","2160","283.40","6","0"
"255","91","3206","221.18","1","0"
"256","85","2873","472.72","7","1"
"257","60","3890","18.71","7","0"
"258","3","1484","270.20","4","1"
"259","81","2868","254.02","4","0"
"260","36","759","483.97","7","0"
"261","74","1836","121.95","8","0"
"262","25","674","225.08","7","1"
"263","35","1036","223.96","6","1"
"264","12","1258","15.63","1","1"
"265","26","3123","203.49","7","1"
"266","90","3606","421.04","10","1"
"267","46","3400","291.16","10","1"
"268","42","3367","12.50","8","0"
"269","6","334","289.44","6","0"
"270","9","782","367.14","9","1"
"271","6","1289","475.03","6","1"
"272","17","3133","325.35","7","0"
"273","77","605","206.39","9","0"
"274","21","514","457.17","8","0"
"275","94","3375","266.05","9","1"
"276","24","1412","409.74","2","0"
"277","72","715","416.33","4","1"
"278","42","2869","362.32","5","1"
"279","20","3100","460.57","9","0"
"280","5","2591","299.22","9","0"
"281","97","1295","418.09","4","1"
"282","79","978","415.58","9","0"
"283","91","1367","467.83","3","1"
"284","99","2278","29.69","2","1"
"285","1","3330","396.10","2","1"
"286","78","1444","291.57","6","1"
"287","66","1483","430.81","2","0"
"288","41","3791","11.23","3","0"
"289","44","3629","311.24","1","1"
"290","83","255","357.39","7","0"
"291","77","3144","406.91","3","1"
"292","10","1673","27.56","6","1"
"293","87","1269","288.58","7","0"
"294","4","1859","410.33","4","1"
"295","9","1465","49.15","1","1"
"296","3","726","206.78","1","1"
"297","59","3239","283.95","8","1"
"298","11","3515","26.68","7","1"
"299","4","2655","264.12","2","1"
"300","46","3913","50.60","1","0"
"301","67","2563","412.36","1","0"
"302","49","1384","80.70","3","0"
"303","23","3193","471.20","4","1"
"304","4","1979","490.80","7","0"
"305","29","985","325.36","6","0"
"306","31","1443","115.20","7","1"
"307","47","3591","289.17","7","0"
"308","21","3811","298.00","7","0"
"309","20","80","12.41","9","0"
"310","5","194","397.14","10","0"
"311","100","628","344.48","1","1"
"312","56","2327","467.87","6","0"
"313","18","1492","261.27","9","1"
"314","10","532","208.72","6","0"
"315","56","3669","223.31","8","1"
"316","29","3754","202.30","8","1"
"317","75","283","427.32","5","1"
"318","70","89","309.78","8","0"
"319","36","166","312.41","7","0"
"320","69","3595","436.06","3","1"
"321","4","3145","215.93","7","1"
"322","14","2922","235.77","8","0"
"323","22","1395","242.52","3","1"
"324","98","2063","57.47","6","0"
"325","81","1465","392.60","9","0"
"326","26","3593","490.32","3","1"
"327","38","1557","324.05","5","1"
"328","5","2795","210.34","7","0"
"329","45","550","67.14","10","1"
"330","22","128","220.73","7","1"
"331","10","2630","363.90","2","1"
"332","70","2975","283.17","3","0"
"333","27","674","116.03","9","0"
"334","64","1463","460.79","5","1"
"335","88","486","410.52","5","0"
"336","44","2573","256.42","9","0"
"337","49","3031","380.71","5","0"
"338","49","1420","199.60","9","1"
"339","53","1665","416.12","3","0"
"340","1","2390","304.81","9","0"
"341","90","3192","331.89","4","0"
"342","35","2821","374.78","3","1"
"343","11","3250","18.01","2","1"
"344","93","1969","162.13","8","1"
"345","75","2854","129.85","8","0"
"346","21","2301","282.09","9","0"
"347","4","3390","329.21","9","1"
"348","78","2707","106.56","7","1"
"349","3","2407","68.49","3","1"
"350","73","220","469.48","2","1"
"351","43","955","259.58","1","1"
"352","80","417","137.64","8","1"
"353","61","1087","92.29","9","1"
"354","21","1239","436.77","3","1"
"355","9","3943","35.61","7","1"
"356","72","378","135.61","4","0"
"357","38","578","184.12","3","0"
"358","86","561","300.71","4","0"
"359","5","3531","207.71","10","1"
"360","92","2828","54.60","9","1"
"361","100","1406","446.12","1","0"
"362","30","2039","429.39","5","0"
"363","2","2031","181.65","6","0"
"364","10","1249","293.54","4","1"
"365","49","3526","388.18","4","1"
"366","26","3041","397.61","6","1"
"367","50","2509","66.99","2","1"
"368","46","2050","444.60","4","1"
"369","81","3752","183.55","5","1"
"370","52","3143","392.91","5","0"
"371","62","3702","149.15","8","0"
"372","45","3822","124.95","3","1"
"373","64","937","56.87","7","1"
"374","60","2104","236.72","10","0"
"375","87","1636","257.39","8","0"
"376","41","2122","350.00","2","1"
"377","41","1615","456.29","7","0"
"378","74","3160","20.52","2","1"
"379","26","2972","167.22","2","0"
"380","90","1492","14.29","1","0"
"381","49","2190","2.16","2","0"
"382","11","3036","238.25","1","1"
"383","9","2200","90.29","4","1"
"384","49","1945","413.00","7","0"
"385","49","3998","391.05","10","1"
"386","4","2388","177.90","6","1"
"387","87","1860","328.17","10","0"
"388","33","3872","52.91","2","1"
"389","4","2836","72.79","3","1"
"390","27","2348","499.84","6","0"
"391","54","2081","256.15","9","0"
"392","89","3732","243.15","9","1"
"393","61","732","232.70","6","0"
"394","54","1043","193.10","10","1"
"395","30","1859","127.44","8","1"
"396","4","1831","370.00","9","1"
"397","98","3176","228.28","7","0"
"398","33","1955","243.18","4","1"
"399","37","1475","334.62","10","0"
"400","67","2804","44.24","5","0"
"401","8","636","175.04","6","0"
"402","99","3687","239.49","4","1"
"403","64","787","85.50","1","1"
"404","98","2794","424.66","4","1"
"405","24","2127","472.69","10","1"
"406","20","2595","352.79","8","0"
"407","77","1808","16.31","8","1"
"408","72","2995","100.00","1","0"
"409","18","995","226.86","10","0"
"410","85","2804","55.96","9","1"
"411","83","2598","146.87","6","1"
"412","88","788","83.47","9","1"
"413","92","1795","200.56","6","1"
"414","9","601","112.96","2","0"
"415","51","3895","237.90","9","0"
"416","48","2885","23.02","7","0"
"417","12","3498","211.74","10","1"
"418","70","863","324.00","3","1"
"419","40","1558","278.68","2","0"
"420","78","3974","374.63","1","0"
"421","54","2528","387.46","5","0"
"422","96","96","392.30","10","0"
"423","76","3538","490.65","6","0"
"424","60","1059","56.75","8","1"
"425","29","1568","196.95","9","1"
"426","30","3376","302.33","2","0"
"427","20","1293","320.74","10","1"
"428","9","3913","269.61","7","1"
"429","50","2987","446.03","2","1"
"430","78","2722","479.17","3","0"
"431","16","2890","220.31","1","1"
"432","34","1575","59.44","5","1"
"433","79","3290","326.24","9","0"
"434","44","2112","282.01","3","1"
"435","3","2610","441.33","6","0"
"436","45","407","314.71","7","0"
"437","33","2337","53.66","2","0"
"438","63","142","266.28","6","0"
"439","72","3426","362.27","3","0"
"440","52","825","311.89","8","1"
"441","21","1103","369.44","9","0"
"442","28","1908","424.40","3","1"
"443","72","2722","397.98","1","0"
"444","85","3356","167.39","6","0"
"445","11","2506","7.37","2","0"
"446","92","1128","103.65","9","1"
"447","58","365","212.64","9","1"
"448","16","330","303.59","6","0"
"449","38","988","321.55","5","0"
"450","3","3423","4.81","5","0"
"451","85","1283","162.70","5","0"
"452","91","1020","434.88","9","0"
"453","34","2446","28.49","7","1"
"454","75","924","129.40","9","1"
"455","58","2902","62.54","6","0"
"456","67","211","118.90","8","1"
"457","4","977","41.39","2","0"
"458","17","3934","224.01","6","1"
"459","16","2160","126.63","5","1"
"460","52","1768","241.89","1","0"
"461","91","3633","437.67","6","0"
"462","32","620","113.38","3","0"
"463","71","1026","278.03","3","0"
"464","93","1710","473.90","3","0"
"465","98","2294","65.74","3","0"
"466","68","3171","153.90","1","1"
"467","26","256","210.21","7","1"
"468","28","1577","273.67","8","0"
"469","17","3506","44.68","1","0"
"470","2","3939","382.31","7","1"
"471","87","1130","211.44","7","1"
"472","93","314","456.97","3","0"
"473","95","860","439.05","1","0"
"474","89","1828","127.57","3","1"
"475","2","2451","75.44","6","1"
"476","39","2056","328.88","5","0"
"477","3","1964","413.93","4","1"
"478","44","1940","154.56","3","1"
"479","38","3841","414.89","6","1"
"480","82","2471","194.50","10","1"
"481","90","3668","256.38","10","0"
"482","25","1767","110.33","9","0"
"483","66","575","413.76","9","1"
"484","44","1061","221.38","8","0"
"485","94","796","495.32","8","0"
"486","3","825","305.13","5","0"
"487","28","3849","458.23","10","0"
"488","85","1477","312.34","1","0"
"489","3","2489","469.21","5","0"
"490","51","3372","255.94","6","1"
"491","12","2385","221.14","1","0"
"492","2","2433","272.34","6","0"
"493","50","807","163.23","3","1"
"494","85","620","313.75","9","1"
"495","76","2571","481.29","1","0"
"496","56","3676","309.04","3","0"
"497","54","1272","169.81","10","0"
"498","92","252","173.17","6","1"
"499","63","1972","311.42","5","0"
"500","59","3294","386.20","2","1"
"501","72","2928","207.77","8","1"
"502","86","652","311.53","3","0"
"503","75","3168","57.23","8","1"
"504","88","2986","51.87","7","1"
"505","36","3216","56.81","6","0"
"506","2","168","311.01","3","0"
"507","53","1578","401.61","1","1"
"508","81","3358","71.10","7","0"
"509","7","858","211.03","1","1"
"510","17","2295","374.90","5","1"
"511","52","3654","500.69","1","1"
"512","70","596","287.16","4","0"
"513","12","2362","240.36","5","1"
"514","28","1652","350.01","1","0"
"515","2","2620","145.19","3","0"
"516","15","3905","170.00","6","0"
"517","43","2369","384.08","2","1"
"518","27","1040","230.42","8","1"
"519","69","2157","43.10","6","1"
"520","50","3181","206.69","8","1"
"521","67","304","464.28","3","1"
"522","66","1284","75.09","3","0"
"523","5","1574","330.72","2","0"
"524","68","1097","289.38","6","1"
"525","52","2423","417.40","10","1"
"526","66","1415","118.99","9","0"
"527","93","1573","400.46","6","0"
"528","32","2353","39.60","2","1"
"529","56","3140","316.31","9","0"
"530","67","2080","57.05","10","1"
"531","6","3861","187.23","6","1"
"532","63","1979","387.53","1","0"
"533","84","2681","244.95","6","0"
"534","6","3118","378.61","9","0"
"535","50","2849","147.87","10","1"
"536","28","3743","13.90","8","0"
"537","79","1810","161.74","6","1"
"538","73","3152","443.80","3","1"
"539","51","972","188.48","5","0"
"540","28","1045","492.30","9","1"
"541","59","976","306.43","10","0"
"542","42","998","73.97","5","0"
"543","69","2887","363.76","2","1"
"544","62","839","354.23","10","1"
"545","78","1021","363.11","9","1"
"546","27","1204","199.34","9","0"
"547","46","3458","208.40","1","0"
"548","25","3919","100.77","3","1"
"549","11","1028","256.36","8","1"
"550","41","3476","344.95","7","0"
"551","15","3656","30.42","3","1"
"552","79","2950","286.56","5","1"
"553","62","1536","112.86","2","0"
"554","81","374","259.02","10","1"
"555","94","3346","305.12","10","0"
"556","3","169","403.12","5","0"
"557","76","3565","200.90","3","0"
"558","36","1211","81.23","10","0"
"559","18","533","448.29","5","1"
"560","39","596","376.78","5","0"
"561","11","559","459.84","7","0"
"562","26","3566","301.02","6","1"
"563","87","517","386.94","5","0"
"564","93","2865","316.88","5","0"
"565","1","3663","73.26","10","0"
"566","54","521","74.62","9","0"
"567","65","1306","486.28","3","1"
"568","41","2721","451.56","4","1"
"569","87","2898","96.12","6","1"
"570","35","1445","275.75","5","0"
"571","37","2263","200.08","3","1"
"572","15","3909","302.83","2","0"
"573","92","3565","469.58","3","1"
"574","34","3671","375.68","4","0"
"575","95","281","135.56","6","1"
"576","66","210","176.49","7","0"
"577","99","2908","364.69","10","0"
"578","84","143","156.78","8","1"
"579","27","1920","104.50","2","0"
"580","69","1648","62.64","8","0"
"581","5","826","119.30","2","1"
"582","53","286","454.70","4","0"
"583","28","2015","46.24","2","0"
"584","78","800","281.73","9","1"
"585","77","1618","442.82","5","1"
"586","82","2582","308.03","6","1"
"587","99","3230","105.89","1","0"
"588","57","882","265.87","4","0"
"589","19","970","232.60","2","1"
"590","84","1188","200.42","5","0"
"591","79","510","423.63","6","0"
"592","30","3528","69.52","4","0"
"593","63","1159","73.66","6","0"
"594","15","2081","164.40","2","1"
"595","25","821","151.66","7","1"
"596","51","146","73.56","2","1"
"597","81","2709","79.67","4","1"
"598","45","637","299.19","10","1"
"599","34","3036","108.14","3","0"
"600","57","3753","434.68","7","0"
"601","5","1225","384.60","10","0"
"602","88","1502","331.12","2","1"
"603","32","2132","21.03","10","0"
"604","60","3365","133.94","10","1"
"605","90","2304","406.48","3","0"
"606","81","500","347.74","9","0"
"607","64","2664","477.80","4","0"
"608","29","588","361.76","3","0"
"609","98","3321","420.75","10","0"
"610","9","433","143.12","5","1"
"611","74","3196","132.74","7","0"
"612","91","307","72.57","1","1"
"613","43","1041","326.52","7","0"
"614","38","2675","123.27","2","0"
"615","32","3575","267.27","8","1"
"616","2","3135","128.53","10","0"
"617","91","1360","366.72","9","1"
"618","26","1222","48.56","5","0"
"619","83","1073","462.99","5","0"
"620","48","594","230.03","7","1"
"621","7","2587","397.98","5","1"
"622","60","2504","431.72","9","0"
"623","21","3431","3.34","2","1"
"624","91","1054","101.62","8","1"
"625","66","1656","67.77","8","1"
"626","23","2843","7.26","6","1"
"627","91","2896","440.13","1","1"
"628","40","1322","318.92","4","1"
"629","53","3193","476.16","2","0"
"630","46","3118","369.60","8","0"
"631","88","3432","181.54","7","1"
"632","47","2393","54.11","9","1"
"633","17","394","7.67","7","1"
"634","31","1611","326.92","2","1"
"635","8","2767","430.37","10","0"
"636","39","1141","269.15","9","1"
"637","1","3969","73.00","2","1"
"638","97","1384","231.25","4","1"
"639","86","2341","236.33","9","0"
"640","58","1640","7.13","1","0"
"641","43","2969","106.39","9","0"
"642","65","3188","154.11","2","1"
"643","95","250","125.14","3","1"
"644","22","679","238.33","3","1"
"645","91","3407","292.03","9","1"
"646","3","3936","62.12","5","0"
"647","81","3148","195.26","5","1"
"648","30","1897","330.76","9","1"
"649","24","1743","327.01","10","1"
"650","78","958","145.44","9","1"
"651","61","2576","436.97","8","1"
"652","45","1118","397.20","3","0"
"653","60","1326","329.02","6","1"
"654","80","3230","482.89","5","0"
"655","3","418","235.93","9","0"
"656","26","3344","199.89","10","1"
"657","71","545","16.62","7","1"
"658","57","1507","6.25","10","0"
"659","9","2009","67.84","2","1"
"660","79","1143","106.10","7","0"
"661","70","1955","367.95","6","0"
"662","26","2526","151.97","7","1"
"663","91","2105","359.36","2","0"
"664","12","1418","194.82","7","1"
"665","83","2850","389.81","4","1"
"666","63","3981","205.70","1","1"
"667","82","1182","344.62","3","1"
"668","87","3378","220.50","10","1"
"669","61","2244","189.38","7","0"
"670","45","153","217.56","8","1"
"671","9","2793","116.42","4","1"
"672","4","2560","173.19","3","1"
"673","9","3178","50.22","10","0"
"674","30","2659","91.01","9","1"
"675","87","1768","91.37","7","1"
"676","40","3924","272.04","3","1"
"677","21","3669","458.13","2","1"
"678","94","1159","375.39","5","1"
"679","5","2401","419.34","6","1"
"680","9","246","391.83","5","0"
"681","59","2596","158.70","4","1"
"682","9","1737","20.05","2","1"
"683","1","1207","158.07","1","0"
"684","80","177","79.76","3","1"
"685","84","333","299.17","1","0"
"686","14","315","363.08","10","0"
"687","26","3362","51.62","7","0"
"688","15","1940","367.57","9","0"
"689","70","418","70.47","7","0"
"690","11","2567","259.04","9","0"
"691","13","2987","405.48","6","1"
"692","72","2863","292.69","7","1"
"693","31","2319","355.11","3","1"
"694","100","3960","186.94","5","1"
"695","65","1531","10.01","1","0"
"696","33","3034","348.88","4","0"
"697","24","475","424.62","8","0"
"698","36","3957","133.17","1","0"
"699","85","1439","416.95","6","0"
"700","81","390","256.63","3","1"
"701","42","777","325.14","10","0"
"702","46","3274","204.98","2","1"
"703","100","3804","198.71","6","0"
"704","82","1360","118.50","1","1"
"705","69","1107","398.20","5","0"
"706","96","1097","370.10","6","1"
"707","1","3169","347.34","4","0"
"708","33","1513","474.67","2","0"
"709","64","817","446.72","10","0"
"710","53","1169","416.88","1","1"
"711","1","124","409.77","3","1"
"712","23","3645","207.29","10","0"
"713","5","2634","278.96","4","1"
"714","70","2697","230.75","10","1"
"715","45","1496","59.98","1","1"
"716","47","763","245.29","7","0"
"717","86","3558","476.24","10","1"
"718","53","3104","200.20","3","1"
"719","49","1822","423.94","4","1"
"720","9","2872","477.20","10","0"
"721","39","3732","383.23","2","0"
"722","33","723","203.32","9","1"
"723","42","2206","372.54","8","1"
"724","16","1028","309.40","5","1"
"725","93","1167","192.77","9","0"
"726","64","3840","330.65","9","0"
"727","55","1116","374.83","7","0"
"728","3","1698","284.10","5","0"
"729","4","2019","347.49","9","1"
"730","71","1933","268.56","9","1"
"731","75","758","412.75","1","1"
"732","27","1262","220.08","4","0"
"733","22","3229","310.58","3","1"
"734","41","3466","225.88","3","1"
"735","33","2013","174.90","9","0"
"736","100","184","184.65","5","1"
"737","69","2664","458.76","2","1"
"738","17","2065","71.18","2","1"
"739","25","182","13.62","8","0"
"740","74","2145","25.17","8","0"
"741","73","1058","41.38","6","0"
"742","60","3739","189.05","6","0"
"743","13","2557","346.14","5","1"
"744","75","1497","92.98","1","1"
"745","52","1658","324.27","2","1"
"746","35","3866","248.55","8","1"
"747","19","1759","414.26","7","0"
"748","35","294","414.17","8","1"
"749","47","1194","409.57","6","0"
"750","21","1889","499.16","6","0"
"751","64","633","49.68","10","1"
"752","94","1303","89.11","6","0"
"753","35","3831","182.84","2","0"
"754","49","1320","388.41","5","1"
"755","98","3540","0.24","5","0"
"756","22","3473","285.20","8","0"
"757","11","2921","268.33","2","0"
"758","49","3049","45.50","8","1"
"759","85","577","361.18","1","0"
"760","20","2590","61.51","10","0"
"761","37","336","295.74","2","0"
"762","96","3685","154.51","3","1"
"763","90","1093","391.43","3","1"
"764","34","3657","458.22","3","0"
"765","28","2611","266.98","6","1"
"766","85","3420","46.42","9","1"
"767","39","1879","414.07","3","1"
"768","23","2046","115.29","2","0"
"769","98","1803","222.12","6","0"
"770","16","1321","68.25","4","1"
"771","85","2034","440.43","10","1"
"772","65","2716","449.34","5","0"
"773","80","2804","318.23","5","0"
"774","65","2247","363.14","5","1"
"775","23","450","24.58","9","1"
"776","54","1301","311.43","4","1"
"777","64","594","266.92","1","1"
"778","18","6","43.71","1","0"
"779","98","3569","56.07","6","1"
"780","86","794","392.08","1","0"
"781","94","727","458.46","7","1"
"782","54","860","200.92","1","0"
"783","73","31","453.57","1","1"
"784","20","3177","102.08","10","0"
"785","41","3074","143.37","8","1"
"786","68","1694","251.42","5","1"
"787","57","3242","273.42","7","1"
"788","52","3666","386.35","1","0"
"789","92","1913","385.38","7","1"
"790","95","3031","423.87","3","0"
"791","62","780","486.21","10","0"
"792","10","3562","477.34","9","0"
"793","76","3502","94.84","8","0"
"794","62","3838","127.55","3","0"
"795","7","2114","19.89","2","0"
"796","76","563","75.72","4","1"
"797","47","410","49.48","8","0"
"798","43","2349","456.66","4","0"
"799","98","2447","291.56","10","1"
"800","13","575","214.12","4","0"
"801","23","3788","352.34","5","1"
"802","22","1826","363.43","9","0"
"803","97","371","202.01","1","0"
"804","44","1783","452.31","6","1"
"805","76","508","168.08","8","1"
"806","39","1004","196.91","1","1"
"807","43","693","500.11","9","1"
"808","59","26","405.79","3","0"
"809","95","2285","290.43","8","0"
"810","50","3356","499.34","8","1"
"811","4","1657","439.03","8","0"
"812","17","3305","419.38","6","1"
"813","78","638","250.56","1","1"
"814","20","1697","413.03","5","0"
"815","74","3307","415.20","2","1"
"816","97","2097","442.57","9","0"
"817","54","3365","491.43","3","1"
"818","76","691","416.10","2","0"
"819","15","829","244.91","4","0"
"820","49","1351","135.45","10","1"
"821","57","3722","265.95","1","1"
"822","58","1776","466.28","8","0"
"823","67","3358","305.93","7","1"
"824","28","3910","497.72","6","1"
"825","21","726","371.91","5","0"
"826","16","1444","376.48","3","1"
"827","33","2912","318.21","7","0"
"828","86","3901","464.09","3","1"
"829","53","321","39.86","10","0"
"830","69","277","110.41","8","0"
"831","99","695","414.20","10","0"
"832","57","3180","133.27","9","0"
"833","64","301","8.83","1","0"
"834","22","2018","386.84","4","1"
"835","74","3034","290.11","3","1"
"836","70","3309","404.00","10","1"
"837","84","1269","457.69","4","1"
"838","2","2351","211.45","2","1"
"839","36","3386","392.44","2","1"
"840","73","611","180.04","1","1"
"841","2","1770","119.55","10","1"
"842","38","3329","2.22","10","1"
"843","69","277","331.99","1","0"
"844","12","522","201.49","10","0"
"845","94","901","333.70","2","0"
"846","6","1616","207.36","3","1"
"847","4","2747","163.80","7","0"
"848","66","3325","182.76","4","0"
"849","54","2018","262.80","1","0"
"850","44","1875","372.23","10","0"
"851","28","147","102.15","5","1"
"852","43","3002","156.18","3","1"
"853","36","227","483.48","2","1"
"854","21","3246","194.28","7","1"
"855","17","2295","323.56","10","1"
"856","6","2636","315.67","4","0"
"857","66","1637","248.28","10","0"
"858","70","455","78.21","5","0"
"859","41","467","67.79","9","0"
"860","70","1705","131.01","6","0"
"861","6","2110","110.91","8","1"
"862","100","1708","441.99","1","0"
"863","76","1091","98.43","2","1"
"864","63","1521","425.37","1","1"
"865","90","442","183.36","4","1"
"866","30","988","425.25","4","1"
"867","16","2192","128.85","3","1"
"868","51","111","449.68","1","1"
"869","88","449","130.90","4","1"
"870","95","352","460.13","9","1"
"871","87","2265","180.22","3","0"
"872","37","2997","433.94","5","0"
"873","63","3685","150.31","9","0"
"874","10","1957","409.24","6","1"
"875","35","3814","167.13","3","1"
"876","81","1439","259.16","2","1"
"877","52","3146","246.40","10","1"
"878","62","578","145.05","7","0"
"879","60","2431","90.08","2","1"
"880","30","1196","320.13","7","1"
"881","70","3726","15.72","1","1"
"882","95","1690","268.47","4","0"
"883","21","2677","333.13","2","0"
"884","38","1468","248.65","4","1"
"885","100","611","476.76","10","0"
"886","44","743","389.84","1","1"
"887","20","422","262.40","10","0"
"888","14","3010","381.71","2","1"
"889","67","2520","357.63","5","1"
"890","79","372","106.05","7","1"
"891","66","2911","174.28","10","1"
"892","34","2962","400.95","2","1"
"893","17","157","343.12","8","1"
"894","98","1372","130.56","1","1"
"895","94","1317","326.31","6","1"
"896","46","3727","485.91","7","0"
"897","3","1614","494.80","10","1"
"898","52","3252","308.02","9","0"
"899","41","100","222.18","2","0"
"900","7","2689","467.71","5","0"
"901","97","2684","185.31","10","0"
"902","98","914","341.55","6","1"
"903","3","267","235.35","7","0"
"904","21","2971","467.57","1","0"
"905","1","683","292.87","1","0"
"906","48","3145","27.85","4","0"
"907","64","1046","159.72","6","1"
"908","84","3152","357.63","10","0"
"909","32","533","379.27","4","0"
"910","18","433","21.76","9","0"
"911","76","3431","371.78","7","1"
"912","84","1843","202.01","10","1"
"913","91","2139","107.16","10","1"
"914","71","1204","344.51","10","0"
"915","59","2338","290.31","7","1"
"916","72","2714","157.94","2","1"
"917","74","2887","498.32","9","1"
"918","58","1830","52.75","5","1"
"919","89","313","366.55","6","0"
"920","14","3446","494.91","6","0"
"921","72","805","292.86","1","0"
"922","3","1271","383.59","2","0"
"923","64","3035","121.35","9","1"
"924","34","823","483.95","7","1"
"925","62","1257","169.01","10","1"
"926","14","1400","355.11","3","1"
"927","59","1075","416.44","5","0"
"928","91","750","282.58","8","1"
"929","61","385","42.87","3","0"
"930","100","1029","184.42","6","0"
"931","50","2746","174.22","5","1"
"932","6","2215","258.38","6","1"
"933","98","2541","320.40","2","1"
"934","3","3312","229.79","3","1"
"935","79","1207","355.33","8","0"
"936","58","647","124.44","4","0"
"937","83","196","194.56","7","0"
"938","42","105","347.01","8","1"
"939","28","2854","90.59","2","1"
"940","72","229","135.13","3","0"
"941","2","1056","216.67","10","1"
"942","9","1367","246.74","6","1"
"943","43","948","24.94","9","0"
"944","57","2144","362.02","7","1"
"945","6","2148","497.25","2","0"
"946","4","3360","375.68","6","0"
"947","92","988","292.63","9","1"
"948","56","737","228.33","3","0"
"949","47","3907","345.37","6","1"
"950","30","1602","2.07","2","0"
"951","77","1353","458.72","3","0"
"952","6","3255","273.20","10","0"
"953","11","572","77.70","3","1"
"954","50","77","189.36","6","0"
"955","31","2410","470.01","6","1"
"956","44","354","294.86","6","1"
"957","9","1678","96.46","10","1"
"958","20","872","428.67","3","0"
"959","65","3211","473.14","6","0"
"960","79","678","183.32","8","1"
"961","58","758","202.53","6","0"
"962","41","614","132.22","6","1"
"963","99","332","191.47","5","1"
"964","20","1696","495.26","4","0"
"965","75","1884","304.54","10","0"
"966","98","7","187.17","1","1"
"967","53","3969","470.72","2","0"
"968","50","1186","319.88","4","1"
"969","1","3568","363.78","4","1"
"970","79","3864","248.63","10","1"
"971","52","3807","207.07","5","0"
"972","22","3534","425.41","2","1"
"973","21","2357","444.49","4","0"
"974","33","73","488.58","6","1"
"975","45","2081","386.28","5","0"
"976","63","2850","70.34","4","1"
"977","2","3534","146.79","7","0"
"978","1","904","436.77","7","0"
"979","33","2960","484.81","10","0"
"980","99","514","461.49","10","1"
"981","47","3657","447.86","8","0"
"982","4","3050","306.50","7","1"
"983","40","3267","72.37","8","1"
"984","51","2907","306.30","8","0"
"985","89","749","254.97","8","0"
"986","95","3719","425.94","7","0"
"987","68","1198","353.54","2","1"
"988","35","668","77.96","4","1"
"989","17","672","177.26","10","0"
"990","8","430","64.32","10","1"
"991","37","761","31.35","10","1"
"992","14","1695","133.42","10","1"
"993","14","3936","284.71","1","0"
"994","44","2985","217.77","8","1"
"995","86","2406","410.29","2","1"
"996","54","3890","341.10","10","1"
"997","99","2235","176.92","3","0"
"998","2","517","197.46","1","1"
"999","43","2115","303.75","7","0"
"1000","14","2531","283.24","4","1"
"1001","83","2274","206.18","1","0"
"1002","5","2609","181.26","7","0"
"1003","53","849","173.11","2","0"
"1004","35","966","473.84","3","0"
"1005","50","1783","101.26","1","1"
"1006","54","2928","403.27","9","0"
"1007","97","2524","185.81","6","1"
"1008","66","957","255.74","4","0"
"1009","73","3709","338.13","5","1"
"1010","83","416","400.04","2","1"
"1011","43","470","318.36","2","0"
"1012","39","3232","292.08","2","1"
"1013","62","612","464.41","4","0"
"1014","31","565","20.91","10","0"
"1015","60","1953","280.70","4","1"
"1016","32","891","319.12","6","0"
"1017","92","1210","52.57","8","0"
"1018","84","1950","134.61","4","1"
"1019","86","655","308.27","10","1"
"1020","45","1762","134.49","3","0"
"1021","93","2444","277.62","2","0"
"1022","78","3703","176.87","10","1"
"1023","1","1252","228.27","7","0"
"1024","38","2373","161.03","6","0"
"1025","55","3799","374.96","1","0"
"1026","96","198","27.52","10","1"
"1027","58","1359","329.03","9","1"
"1028","14","1724","140.94","1","1"
"1029","6","256","178.83","2","0"
"1030","81","2154","322.12","10","0"
"1031","28","2426","297.52","5","0"
"1032","14","741","62.19","9","0"
"1033","30","1979","470.77","5","1"
"1034","27","210","267.67","8","0"
"1035","30","533","201.88","8","0"
"1036","32","936","447.97","2","0"
"1037","56","3574","344.62","7","1"
"1038","78","3327","98.70","1","1"
"1039","20","2870","252.94","10","0"
"1040","7","3592","157.49","10","1"
"1041","86","1869","305.95","7","1"
"1042","99","2622","445.68","4","0"
"1043","39","3526","273.64","4","1"
"1044","93","1245","122.65","7","1"
"1045","38","3228","194.41","6","0"
"1046","13","1243","153.24","2","0"
"1047","53","3862","273.20","6","0"
"1048","54","3251","237.31","5","1"
"1049","51","3536","33.74","8","1"
"1050","87","397","85.81","2","1"
"1051","34","36","199.50","4","0"
"1052","78","667","402.07","7","1"
"1053","43","3667","218.92","7","0"
"1054","35","3787","242.84","10","0"
"1055","12","146","77.78","9","0"
"1056","22","3685","440.92","6","1"
"1057","18","2072","149.96","8","0"
"1058","82","306","137.18","10","0"
"1059","32","551","6.91","1","1"
"1060","36","1236","372.67","1","1"
"1061","60","3308","315.98","3","0"
"1062","22","2679","440.01","9","1"
"1063","46","376","442.40","1","1"
"1064","93","2086","118.33","7","0"
"1065","56","3522","230.62","3","0"
"1066","81","451","440.69","9","0"
"1067","68","892","321.98","9","1"
"1068","42","1136","118.94","10","0"
"1069","41","3921","345.35","2","0"
"1070","14","1881","397.02","8","1"
"1071","33","1782","462.22","1","0"
"1072","21","1763","383.91","4","1"
"1073","78","3893","272.74","1","0"
"1074","30","98","293.98","6","1"
"1075","59","3326","488.92","10","1"
"1076","36","2149","169.47","3","0"
"1077","83","1807","274.14","2","0"
"1078","22","1385","212.27","9","1"
"1079","93","1442","320.45","5","0"
"1080","67","3295","456.08","7","0"
"1081","74","3384","363.53","8","0"
"1082","96","409","369.58","3","1"
"1083","95","757","209.71","1","1"
"1084","55","1141","144.18","2","1"
"1085","70","3765","160.76","4","0"
"1086","29","1821","377.92","9","1"
"1087","18","2269","276.04","4","1"
"1088","72","844","135.07","9","1"
"1089","89","2993","145.49","3","0"
"1090","25","2559","153.26","8","1"
"1091","1","173","219.55","9","0"
"1092","89","683","346.13","6","1"
"1093","30","3582","391.34","7","1"
"1094","73","636","370.11","6","0"
"1095","86","172","497.50","7","1"
"1096","43","800","258.91","4","0"
"1097","63","3214","126.26","5","0"
"1098","24","1849","118.05","2","0"
"1099","51","1628","216.80","1","0"
"1100","79","1181","363.39","1","0"
"1101","39","1992","195.14","10","1"
"1102","12","2728","234.46","4","0"
"1103","13","1468","337.59","4","1"
"1104","38","3034","50.98","1","0"
"1105","86","2469","222.25","8","0"
"1106","63","3365","285.86","7","1"
"1107","21","633","2.67","8","0"
"1108","53","2565","449.89","6","0"
"1109","11","2321","393.78","6","1"
"1110","80","791","365.62","7","0"
"1111","21","1026","149.68","5","1"
"1112","100","2417","0.83","8","0"
"1113","61","1193","369.59","9","1"
"1114","62","2537","35.83","5","0"
"1115","97","3774","214.59","6","1"
"1116","83","593","398.88","8","1"
"1117","9","1054","331.72","4","0"
"1118","86","2153","146.83","2","0"
"1119","94","18","446.71","10","1"
"1120","72","1978","142.23","1","1"
"1121","46","1237","223.06","1","0"
"1122","32","1734","394.83","2","0"
"1123","49","1925","305.26","2","1"
"1124","3","712","242.77","1","0"
"1125","3","1031","486.18","8","0"
"1126","28","980","328.28","9","0"
"1127","8","3284","229.62","6","0"
"1128","83","295","31.84","10","0"
"1129","8","2610","116.51","5","0"
"1130","64","1071","409.12","9","0"
"1131","11","1517","371.40","9","0"
"1132","69","2780","313.79","4","1"
"1133","68","1016","80.23","6","0"
"1134","13","1169","212.54","9","1"
"1135","68","627","56.47","7","0"
"1136","24","3340","25.52","9","0"
"1137","73","1114","476.84","10","1"
"1138","31","3082","8.07","1","0"
"1139","30","3255","423.41","2","0"
"1140","37","1049","238.07","2","1"
"1141","30","1085","138.98","10","0"
"1142","18","2230","60.47","6","1"
"1143","47","222","32.52","5","1"
"1144","36","3555","459.00","3","1"
"1145","43","904","104.09","7","1"
"1146","69","2709","37.20","3","0"
"1147","71","364","146.90","9","1"
"1148","8","2565","182.27","8","0"
"1149","60","2070","52.56","4","1"
"1150","78","1283","174.91","10","0"
"1151","55","3081","453.82","2","1"
"1152","50","1730","191.30","3","1"
"1153","49","3907","198.90","9","1"
"1154","91","3358","355.85","4","0"
"1155","9","3277","192.26","3","0"
"1156","7","1381","413.48","2","0"
"1157","78","2247","316.05","6","0"
"1158","22","1466","236.53","6","1"
"1159","99","1185","495.41","7","0"
"1160","58","2776","70.84","8","0"
"1161","53","2214","322.45","6","0"
"1162","4","3814","454.90","3","1"
"1163","42","2724","104.15","5","1"
"1164","79","199","48.89","8","0"
"1165","3","1864","243.08","4","0"
"1166","27","849","468.82","10","0"
"1167","46","1522","3.38","5","0"
"1168","44","2529","30.44","3","1"
"1169","11","3004","341.55","9","0"
"1170","85","1867","243.68","6","0"
"1171","48","95","42.59","8","0"
"1172","32","2157","29.86","2","1"
"1173","13","1679","65.61","10","1"
"1174","74","1583","2.68","1","0"
"1175","22","2438","90.59","3","1"
"1176","25","46","258.98","1","1"
"1177","63","1591","137.83","8","1"
"1178","79","2498","278.83","2","0"
"1179","74","2753","333.92","1","1"
"1180","63","3606","245.34","7","0"
"1181","98","3254","496.05","1","1"
"1182","49","1991","120.77","10","0"
"1183","69","2571","485.25","10","1"
"1184","25","2835","79.37","9","0"
"1185","56","3567","471.79","2","1"
"1186","50","889","32.78","6","1"
"1187","20","3164","413.86","7","1"
"1188","14","1083","216.45","6","1"
"1189","46","3351","496.97","7","1"
"1190","1","854","473.58","6","0"
"1191","12","1298","6.48","7","0"
"1192","76","1742","127.83","7","1"
"1193","15","70","106.81","5","0"
"1194","28","1237","477.10","4","0"
"1195","31","2360","356.99","7","1"
"1196","38","3685","417.20","4","1"
"1197","1","3080","67.62","10","0"
"1198","1","1261","431.56","5","0"
"1199","66","3877","278.17","6","1"
"1200","18","758","396.41","7","1"
"1201","45","1848","246.53","3","1"
"1202","27","1082","391.53","7","1"
"1203","8","1404","457.62","6","0"
"1204","42","2026","186.82","8","0"
"1205","12","3407","383.68","5","1"
"1206","80","1788","432.43","8","0"
"1207","45","2781","228.82","7","0"
"1208","51","2219","179.81","1","1"
"1209","100","3685","11.75","8","1"
"1210","29","2804","367.07","5","0"
"1211","78","2205","448.27","2","1"
"1212","16","2250","27.33","6","1"
"1213","7","1850","350.93","3","0"
"1214","77","2669","498.77","10","1"
"1215","33","1975","139.78","9","0"
"1216","38","665","126.25","8","0"
"1217","32","3140","138.44","4","1"
"1218","20","258","403.49","4","0"
"1219","79","2473","106.48","3","1"
"1220","89","1235","314.10","2","1"
"1221","28","119","27.44","2","1"
"1222","38","1278","252.48","5","0"
"1223","87","2292","190.67","10","0"
"1224","81","1330","201.47","2","0"
"1225","80","1946","312.75","7","1"
"1226","35","2187","76.87","3","0"
"1227","20","383","131.05","4","1"
"1228","94","1596","286.44","2","1"
"1229","4","3172","103.69","7","0"
"1230","53","2725","217.75","9","0"
"1231","14","329","440.43","7","1"
"1232","84","879","252.59","3","1"
"1233","67","2216","240.46","2","0"
"1234","44","3108","177.58","3","1"
"1235","7","257","489.57","3","1"
"1236","84","3634","154.81","9","0"
"1237","21","2427","36.86","4","0"
"1238","59","156","61.66","6","1"
"1239","55","1433","116.14","7","1"
"1240","93","2474","296.65","2","1"
"1241","39","125","174.68","8","0"
"1242","85","3354","343.71","5","0"
"1243","79","3232","190.05","10","0"
"1244","40","2716","447.23","6","1"
"1245","29","1553","424.43","9","0"
"1246","48","3781","173.72","8","0"
"1247","59","1706","289.94","10","1"
"1248","56","1756","244.24","3","1"
"1249","7","3183","98.05","8","0"
"1250","21","428","83.66","4","0"
"1251","88","498","434.54","4","0"
"1252","21","1548","82.15","7","1"
"1253","66","3113","115.86","8","0"
"1254","15","450","101.67","2","0"
"1255","72","3858","367.10","10","0"
"1256","2","3862","479.23","5","1"
"1257","75","2150","467.18","5","1"
"1258","74","2313","313.28","6","1"
"1259","98","536","479.93","8","0"
"1260","43","3806","470.85","4","0"
"1261","17","3052","317.50","8","1"
"1262","8","2414","93.77","1","1"
"1263","13","3371","24.54","1","0"
"1264","28","3737","466.39","2","0"
"1265","3","2363","230.48","7","1"
"1266","27","1124","352.86","2","1"
"1267","63","1751","169.78","1","0"
"1268","15","2428","307.60","8","0"
"1269","89","3564","229.64","1","1"
"1270","32","170","477.29","6","1"
"1271","97","136","484.50","6","0"
"1272","32","3836","96.40","1","0"
"1273","7","363","112.45","10","0"
"1274","69","1604","139.80","4","0"
"1275","57","1850","234.28","10","0"
"1276","99","2056","280.23","2","1"
"1277","75","755","37.90","5","1"
"1278","39","3972","105.17","2","0"
"1279","82","863","158.32","1","0"
"1280","19","2229","255.33","3","0"
"1281","15","3110","102.79","9","0"
"1282","29","539","231.25","8","1"
"1283","14","3542","185.54","9","0"
"1284","1","1679","330.73","10","0"
"1285","76","2906","67.89","7","1"
"1286","93","2174","278.25","4","1"
"1287","29","2532","255.81","1","1"
"1288","78","2794","430.59","1","1"
"1289","26","1292","430.20","1","1"
"1290","63","3124","37.71","10","1"
"1291","40","2348","275.22","4","0"
"1292","61","473","357.91","4","1"
"1293","38","2417","155.37","1","1"
"1294","35","2726","46.01","10","0"
"1295","60","3622","469.06","3","0"
"1296","8","1052","159.93","2","0"
"1297","11","918","413.75","10","0"
"1298","81","3857","160.42","10","1"
"1299","4","2179","424.86","10","1"
"1300","94","3430","206.37","10","0"
"1301","31","1458","179.41","3","1"
"1302","25","1619","26.03","5","0"
"1303","39","622","305.01","7","1"
"1304","32","79","20.78","3","1"
"1305","77","611","426.28","10","1"
"1306","39","2681","200.64","2","1"
"1307","29","1098","135.04","6","1"
"1308","73","1046","119.89","5","1"
"1309","68","3331","149.35","7","1"
"1310","15","2867","39.53","4","0"
"1311","88","3373","347.26","5","1"
"1312","84","3872","268.56","8","1"
"1313","27","3175","277.56","6","0"
"1314","95","889","314.61","5","0"
"1315","3","130","478.09","4","1"
"1316","84","3854","164.64","2","0"
"1317","62","1211","368.63","8","0"
"1318","40","2221","335.70","8","1"
"1319","80","1942","65.85","9","0"
"1320","82","203","230.72","4","0"
"1321","76","929","347.04","5","0"
"1322","50","1380","494.53","6","0"
"1323","76","1572","233.16","7","0"
"1324","30","156","191.59","8","0"
"1325","88","3906","168.33","10","0"
"1326","94","2894","152.04","4","1"
"1327","34","975","41.58","2","1"
"1328","96","1315","445.23","5","0"
"1329","1","834","113.46","9","0"
"1330","48","3297","170.29","5","0"
"1331","82","2106","388.07","7","1"
"1332","38","1587","137.10","1","0"
"1333","75","3897","420.16","4","0"
"1334","70","2963","65.75","10","1"
"1335","85","707","82.74","8","0"
"1336","84","2036","305.39","9","0"
"1337","87","2936","479.87","6","0"
"1338","27","3421","112.19","3","1"
"1339","67","1954","156.57","5","0"
"1340","44","846","69.59","8","0"
"1341","66","912","390.55","7","1"
"1342","28","1427","332.39","8","0"
"1343","90","1772","192.57","7","0"
"1344","79","209","130.72","9","0"
"1345","85","1973","295.06","7","0"
"1346","4","63","305.32","3","0"
"1347","5","1118","170.02","5","1"
"1348","14","1554","208.94","6","0"
"1349","89","3774","431.31","3","1"
"1350","50","1287","421.57","9","0"
"1351","73","400","376.99","5","1"
"1352","80","3459","59.17","5","0"
"1353","84","2050","174.98","7","1"
"1354","99","277","448.46","8","0"
"1355","15","604","69.85","5","1"
"1356","17","3289","466.30","3","1"
"1357","44","2799","256.28","4","0"
"1358","66","2736","99.69","8","1"
"1359","23","1617","240.63","4","1"
"1360","70","1575","359.38","4","0"
"1361","67","2981","236.53","10","1"
"1362","41","353","49.98","3","0"
"1363","64","2185","92.07","8","0"
"1364","68","3060","246.16","1","0"
"1365","24","807","307.04","6","1"
"1366","100","1971","158.42","10","1"
"1367","42","350","154.81","7","0"
"1368","89","3197","250.79","6","1"
"1369","56","386","382.15","1","0"
"1370","69","2316","187.30","1","0"
"1371","72","423","337.39","7","1"
"1372","38","3417","164.61","1","0"
"1373","35","2865","499.42","7","1"
"1374","8","337","39.05","6","0"
"1375","96","215","450.38","10","1"
"1376","77","3481","409.93","4","1"
"1377","71","880","421.26","3","1"
"1378","49","3347","418.90","3","0"
"1379","34","3053","479.92","7","1"
"1380","87","1349","150.81","7","1"
"1381","83","3942","99.80","1","1"
"1382","19","1290","37.16","4","0"
"1383","62","1274","299.05","8","1"
"1384","70","603","332.64","7","0"
"1385","78","3480","310.30","8","1"
"1386","71","3989","167.71","4","0"
"1387","3","1127","313.51","3","0"
"1388","30","2629","415.79","7","0"
"1389","19","2731","25.94","4","0"
"1390","76","17","122.74","2","0"
"1391","84","170","98.31","3","0"
"1392","44","1667","270.52","2","1"
"1393","76","361","161.82","7","0"
"1394","66","1335","26.09","1","1"
"1395","39","2912","18.21","2","1"
"1396","46","1166","87.58","7","0"
"1397","84","3018","124.11","2","1"
"1398","21","2040","302.66","8","0"
"1399","98","1","365.12","1","1"
"1400","20","848","450.42","10","0"
"1401","11","2066","267.32","3","1"
"1402","43","1744","60.94","7","0"
"1403","94","1167","282.88","5","1"
"1404","78","1301","253.90","5","0"
"1405","3","2022","368.16","2","0"
"1406","27","1025","116.15","9","0"
"1407","92","781","258.37","7","1"
"1408","60","3664","369.61","10","1"
"1409","28","835","347.00","4","1"
"1410","95","681","157.27","1","1"
"1411","53","2216","173.27","3","1"
"1412","12","532","30.42","1","0"
"1413","84","274","271.14","2","0"
"1414","16","602","193.78","5","0"
"1415","57","420","97.77","10","0"
"1416","30","676","4.73","8","1"
"1417","38","3608","304.77","3","1"
"1418","41","432","85.15","9","0"
"1419","61","639","5.77","1","1"
"1420","28","487","133.33","8","1"
"1421","29","1105","452.86","10","1"
"1422","59","1240","495.56","4","1"
"1423","14","1713","200.25","2","1"
"1424","81","2668","333.72","4","0"
"1425","65","2782","35.02","7","1"
"1426","26","2944","104.42","7","0"
"1427","6","3552","370.62","7","1"
"1428","35","1595","495.77","5","1"
"1429","75","633","321.16","1","0"
"1430","23","173","162.77","6","1"
"1431","56","3285","103.51","1","1"
"1432","99","2780","257.49","8","1"
"1433","73","1038","425.76","10","0"
"1434","82","712","146.21","9","1"
"1435","33","571","335.73","2","1"
"1436","56","1244","384.55","10","0"
"1437","64","839","268.36","4","0"
"1438","97","2486","345.65","5","0"
"1439","53","3039","384.46","7","1"
"1440","93","2492","372.48","4","1"
"1441","2","241","52.79","9","1"
"1442","15","1699","172.80","4","1"
"1443","43","3968","362.44","6","0"
"1444","41","1391","43.32","6","1"
"1445","82","1154","451.19","7","1"
"1446","29","2495","53.29","5","1"
"1447","81","3648","66.36","3","1"
"1448","7","39","122.46","6","0"
"1449","89","1849","326.07","5","0"
"1450","63","887","116.42","2","0"
"1451","34","2010","239.39","7","1"
"1452","75","2226","94.11","2","0"
"1453","52","1115","43.69","10","1"
"1454","67","682","360.60","7","0"
"1455","48","1121","470.34","6","0"
"1456","34","890","50.37","7","1"
"1457","44","1905","374.12","2","0"
"1458","22","1875","96.74","6","1"
"1459","5","560","404.00","6","1"
"1460","37","2709","386.72","5","1"
"1461","23","2692","490.01","10","1"
"1462","21","108","225.56","2","1"
"1463","86","2871","433.82","8","0"
"1464","5","1905","344.91","7","0"
"1465","36","524","302.61","8","0"
"1466","83","3558","180.89","7","1"
"1467","64","1938","230.40","10","1"
"1468","11","471","54.09","4","1"
"1469","57","280","455.75","8","0"
"1470","70","731","72.98","7","1"
"1471","22","3814","352.42","3","0"
"1472","62","1606","86.12","6","0"
"1473","59","397","487.91","3","1"
"1474","100","154","445.88","2","1"
"1475","40","3321","140.22","10","0"
"1476","51","1935","364.71","1","1"
"1477","81","3183","495.51","10","0"
"1478","39","1515","276.70","7","1"
"1479","38","327","229.89","4","1"
"1480","61","85","122.02","2","0"
"1481","43","1736","73.38","1","0"
"1482","13","3482","157.59","5","0"
"1483","55","1042","392.46","5","1"
"1484","54","2369","415.66","5","1"
"1485","56","976","360.80","3","1"
"1486","37","550","49.72","3","0"
"1487","33","3861","399.36","5","0"
"1488","41","457","2.25","2","1"
"1489","68","185","136.77","8","1"
"1490","16","699","131.87","4","0"
"1491","77","1286","486.23","1","0"
"1492","1","801","448.12","1","1"
"1493","12","1256","100.64","6","1"
"1494","21","3545","395.30","9","0"
"1495","59","1576","103.06","9","1"
"1496","73","2919","252.19","7","0"
"1497","23","2353","420.21","6","0"
"1498","79","1686","458.46","10","1"
"1499","85","1709","148.26","7","1"
"1500","75","1708","256.90","4","1"
"1501","11","43","350.87","10","1"
"1502","68","147","166.43","6","1"
"1503","82","2935","294.97","5","0"
"1504","8","3389","34.89","5","0"
"1505","35","3048","124.85","2","0"
"1506","74","779","17.38","7","1"
"1507","11","2091","311.04","1","0"
"1508","86","958","43.54","3","1"
"1509","10","848","403.29","8","0"
"1510","67","914","439.65","8","0"
"1511","59","2472","191.31","3","0"
"1512","40","1991","453.64","1","1"
"1513","28","1769","422.58","10","0"
"1514","97","3359","197.05","9","0"
"1515","65","1014","273.74","6","0"
"1516","100","539","45.67","2","0"
"1517","90","2885","497.21","7","1"
"1518","27","294","209.25","3","0"
"1519","61","2515","210.38","6","0"
"1520","95","3421","369.35","5","1"
"1521","48","978","478.31","4","1"
"1522","85","2569","469.17","7","1"
"1523","97","3737","421.26","3","0"
"1524","41","2723","174.85","10","0"
"1525","38","769","422.62","3","0"
"1526","91","679","287.26","6","1"
"1527","55","934","270.16","3","1"
"1528","68","2522","416.18","1","0"
"1529","52","544","31.25","10","1"
"1530","28","1956","1.99","7","0"
"1531","34","1898","25.98","6","1"
"1532","7","1987","70.89","3","1"
"1533","59","1341","337.07","2","0"
"1534","76","2741","377.93","1","0"
"1535","53","3166","139.26","2","1"
"1536","31","1369","409.61","9","1"
"1537","71","788","118.50","2","1"
"1538","63","3419","8.56","4","0"
"1539","26","929","158.77","9","0"
"1540","12","1985","387.76","7","1"
"1541","23","117","472.07","2","0"
"1542","64","2447","48.09","4","1"
"1543","42","1124","28.96","10","1"
"1544","67","2231","380.86","6","0"
"1545","85","3677","174.98","5","0"
"1546","35","246","337.04","7","1"
"1547","1","1934","289.44","3","0"
"1548","99","3024","472.23","9","0"
"1549","36","2816","224.58","3","0"
"1550","35","3353","95.89","2","0"
"1551","18","342","138.57","8","1"
"1552","84","37","73.25","6","0"
"1553","6","3750","9.32","3","0"
"1554","57","1065","500.45","10","0"
"1555","81","2678","493.48","5","1"
"1556","52","1397","192.45","6","0"
"1557","68","3725","155.84","8","0"
"1558","7","181","142.45","3","1"
"1559","39","3736","196.31","1","0"
"1560","99","2255","139.22","7","1"
"1561","79","2732","135.02","6","0"
"1562","73","1503","350.43","9","1"
"1563","91","3812","307.28","9","0"
"1564","33","75","262.21","6","0"
"1565","80","1084","176.31","7","1"
"1566","70","1552","446.41","6","1"
"1567","52","1199","419.29","9","0"
"1568","36","3461","43.43","8","0"
"1569","69","1999","279.10","5","0"
"1570","21","485","137.41","9","0"
"1571","44","2080","482.00","3","1"
"1572","62","419","306.31","7","0"
"1573","34","209","2.77","6","1"
"1574","41","3767","15.64","10","0"
"1575","74","1589","123.58","8","1"
"1576","17","1580","13.27","4","1"
"1577","98","2698","33.11","5","0"
"1578","44","3259","361.16","7","0"
"1579","15","870","52.22","4","0"
"1580","69","1509","440.10","9","0"
"1581","85","3847","400.86","5","0"
"1582","65","790","140.10","4","1"
"1583","31","290","302.44","1","1"
"1584","85","706","462.26","1","1"
"1585","100","3070","361.78","9","1"
"1586","79","3361","400.28","7","0"
"1587","77","1504","389.65","9","0"
"1588","64","306","106.63","6","1"
"1589","96","2440","213.32","3","0"
"1590","84","2005","135.05","2","0"
"1591","45","3383","286.61","7","1"
"1592","100","506","103.84","1","1"
"1593","50","3641","133.44","9","1"
"1594","18","1347","76.15","6","0"
"1595","35","3723","179.51","2","1"
"1596","75","580","430.49","9","1"
"1597","33","1465","461.20","10","0"
"1598","15","795","242.11","6","0"
"1599","33","3224","226.21","7","0"
"1600","71","2138","280.58","3","1"
"1601","90","536","242.61","9","1"
"1602","88","2498","346.64","1","0"
"1603","22","269","360.40","7","1"
"1604","51","2552","268.51","1","1"
"1605","19","655","134.81","3","0"
"1606","60","3177","417.12","10","1"
"1607","79","3382","455.79","4","1"
"1608","42","561","297.66","10","1"
"1609","68","445","203.48","5","1"
"1610","57","2305","337.81","6","1"
"1611","59","436","437.16","8","1"
"1612","57","723","390.27","3","0"
"1613","81","3409","360.80","6","0"
"1614","74","2113","93.74","9","1"
"1615","29","916","285.52","8","0"
"1616","6","2546","271.34","5","0"
"1617","3","2014","141.54","1","1"
"1618","62","174","419.69","8","1"
"1619","75","2172","172.83","8","1"
"1620","70","1129","318.04","2","0"
"1621","30","771","110.35","6","0"
"1622","70","1660","116.31","9","0"
"1623","3","3133","187.01","3","1"
"1624","52","1945","30.18","6","0"
"1625","40","597","196.85","7","1"
"1626","61","1327","369.72","3","0"
"1627","45","3668","162.79","3","1"
"1628","96","1566","170.41","9","1"
"1629","19","1816","448.10","5","1"
"1630","26","103","484.88","9","1"
"1631","29","1253","5.84","1","1"
"1632","79","3329","0.07","10","0"
"1633","66","1358","185.44","2","1"
"1634","3","3998","69.07","2","1"
"1635","10","3250","302.93","5","0"
"1636","45","3217","320.74","4","0"
"1637","56","2236","174.54","7","1"
"1638","60","2770","59.67","1","1"
"1639","34","2781","58.45","2","1"
"1640","43","3645","270.50","7","0"
"1641","69","2558","0.22","7","1"
"1642","45","3904","17.07","10","0"
"1643","46","734","404.58","5","1"
"1644","84","2919","160.99","5","0"
"1645","47","3875","88.63","1","1"
"1646","56","1098","189.24","1","1"
"1647","32","2498","455.67","2","0"
"1648","50","3475","157.21","1","1"
"1649","79","1527","315.58","3","1"
"1650","38","800","417.71","5","1"
"1651","82","2488","160.48","10","1"
"1652","93","3181","411.14","7","0"
"1653","5","2831","409.26","8","1"
"1654","65","935","285.95","4","1"
"1655","97","2922","446.94","8","0"
"1656","98","449","68.19","5","1"
"1657","17","3189","419.05","10","1"
"1658","22","1538","237.05","5","1"
"1659","48","2582","156.49","10","1"
"1660","67","265","490.53","8","1"
"1661","32","75","213.37","10","1"
"1662","74","2425","247.49","6","1"
"1663","78","3314","65.44","5","1"
"1664","19","2121","450.26","5","0"
"1665","59","574","128.14","3","1"
"1666","66","2883","244.74","1","0"
"1667","87","2935","214.81","4","1"
"1668","2","3669","323.75","6","0"
"1669","85","2620","163.42","2","0"
"1670","12","2228","195.05","7","1"
"1671","32","517","435.71","2","1"
"1672","72","858","352.24","9","1"
"1673","83","664","223.96","1","1"
"1674","33","3459","43.00","8","1"
"1675","36","3188","451.46","1","1"
"1676","98","3873","449.04","10","0"
"1677","26","2489","0.18","2","0"
"1678","66","2632","202.52","6","0"
"1679","13","2631","123.40","2","0"
"1680","23","2182","407.30","8","0"
"1681","56","2314","262.29","9","1"
"1682","35","2109","195.56","2","0"
"1683","84","3090","209.10","6","1"
"1684","70","3032","29.06","6","0"
"1685","13","1012","183.66","1","1"
"1686","71","3852","120.73","4","1"
"1687","12","3554","345.96","2","0"
"1688","13","3618","478.41","8","1"
"1689","81","2824","206.63","6","1"
"1690","81","191","395.16","8","0"
"1691","70","1399","69.52","6","0"
"1692","57","3773","456.52","10","0"
"1693","46","1912","411.59","4","1"
"1694","75","2550","483.99","1","0"
"1695","99","3339","278.09","4","0"
"1696","78","730","213.56","4","1"
"1697","79","2750","314.13","1","1"
"1698","82","240","8.19","1","1"
"1699","18","796","222.18","1","0"
"1700","22","2294","366.02","4","0"
"1701","20","2204","399.00","4","1"
"1702","100","2613","489.94","9","1"
"1703","89","2558","4.91","8","1"
"1704","35","3205","11.98","8","0"
"1705","63","3529","101.09","4","1"
"1706","4","1329","401.49","2","1"
"1707","24","1577","466.78","9","1"
"1708","40","725","488.52","9","1"
"1709","84","2147","422.15","7","0"
"1710","45","3798","326.01","9","1"
"1711","38","2986","199.72","8","1"
"1712","46","3311","473.61","9","0"
"1713","4","3705","185.29","4","1"
"1714","33","1765","223.35","5","0"
"1715","4","992","69.78","8","0"
"1716","72","3990","283.84","8","1"
"1717","8","2507","336.70","8","0"
"1718","3","2857","369.79","2","0"
"1719","74","317","276.30","3","1"
"1720","73","2702","332.92","5","0"
"1721","82","2684","109.33","10","1"
"1722","38","1149","75.87","5","0"
"1723","71","2914","213.26","4","0"
"1724","66","3193","69.35","10","1"
"1725","29","1082","468.28","1","0"
"1726","64","1103","276.27","1","1"
"1727","49","1720","225.71","6","1"
"1728","91","3708","396.92","5","1"
"1729","70","1191","433.86","6","1"
"1730","1","3006","428.00","6","0"
"1731","49","3452","417.45","10","1"
"1732","62","2881","187.71","3","0"
"1733","3","1618","302.31","2","0"
"1734","26","1239","140.59","10","1"
"1735","29","1240","31.66","3","0"
"1736","77","1444","494.42","10","0"
"1737","62","478","324.63","5","0"
"1738","51","1677","22.55","1","1"
"1739","10","1900","425.26","6","0"
"1740","19","1813","258.93","8","1"
"1741","65","147","66.19","4","1"
"1742","97","301","438.05","2","0"
"1743","1","3655","279.41","2","1"
"1744","6","887","240.70","2","0"
"1745","96","3102","158.39","1","0"
"1746","63","2612","91.97","4","1"
"1747","81","3997","27.07","8","1"
"1748","69","1543","23.05","9","0"
"1749","24","2257","36.30","8","0"
"1750","8","904","226.01","3","0"
"1751","22","1855","455.30","8","0"
"1752","86","3569","366.93","6","1"
"1753","83","2346","227.97","10","0"
"1754","32","275","136.93","7","1"
"1755","51","2710","92.36","5","1"
"1756","1","870","417.28","4","1"
"1757","1","366","427.50","6","0"
"1758","64","41","365.46","8","1"
"1759","7","1126","288.86","5","0"
"1760","23","3703","307.71","5","1"
"1761","66","363","488.13","7","1"
"1762","68","3602","473.08","6","1"
"1763","34","1760","228.57","7","1"
"1764","91","1712","129.13","3","1"
"1765","91","3450","9.40","3","1"
"1766","93","3700","354.67","5","0"
"1767","90","3329","396.41","1","0"
"1768","2","1016","187.25","2","0"
"1769","6","885","330.76","10","0"
"1770","45","2253","277.35","7","0"
"1771","89","3829","252.88","3","1"
"1772","78","30","183.22","10","1"
"1773","43","32","0.34","4","0"
"1774","92","1609","310.60","10","1"
"1775","26","914","188.61","10","1"
"1776","70","1765","266.37","7","1"
"1777","37","2007","309.12","1","0"
"1778","97","1097","199.66","7","0"
"1779","84","2943","29.48","10","0"
"1780","87","2760","166.63","4","1"
"1781","69","1355","333.75","10","0"
"1782","91","140","113.56","7","1"
"1783","94","1134","144.76","2","0"
"1784","33","369","435.13","4","1"
"1785","30","674","251.52","2","1"
"1786","7","384","78.15","2","1"
"1787","63","1582","89.40","8","0"
"1788","69","3155","363.24","5","1"
"1789","88","2416","418.83","4","0"
"1790","50","2062","302.37","5","0"
"1791","50","2139","388.83","6","0"
"1792","93","3399","458.33","6","0"
"1793","76","2797","220.86","6","0"
"1794","1","2566","491.61","1","0"
"1795","10","3445","333.37","2","1"
"1796","56","216","129.97","2","1"
"1797","27","2190","492.47","4","0"
"1798","59","286","276.48","2","0"
"1799","67","3458","57.57","4","0"
"1800","94","3044","160.94","3","0"
"1801","90","2927","153.55","7","0"
"1802","25","2303","37.63","3","0"
"1803","59","3245","411.88","8","0"
"1804","51","459","445.33","4","1"
"1805","25","3760","477.11","2","0"
"1806","52","3673","381.93","4","1"
"1807","2","476","185.67","4","0"
"1808","50","3562","19.17","2","0"
"1809","89","311","228.47","4","0"
"1810","89","2898","351.34","2","1"
"1811","42","2937","148.83","6","0"
"1812","88","3641","122.24","7","1"
"1813","19","2447","443.09","4","0"
"1814","38","3837","364.95","7","1"
"1815","53","204","405.80","1","1"
"1816","51","1149","476.03","7","0"
"1817","1","463","288.02","5","0"
"1818","3","3943","196.70","10","0"
"1819","63","387","402.11","10","0"
"1820","53","841","126.30","1","0"
"1821","13","2698","376.27","4","1"
"1822","48","2207","173.90","6","0"
"1823","56","1593","194.75","8","1"
"1824","42","3372","77.00","4","0"
"1825","52","1628","500.16","8","1"
"1826","85","3787","331.71","9","0"
"1827","54","3326","166.24","1","1"
"1828","42","729","59.83","4","1"
"1829","51","2766","163.40","3","0"
"1830","99","2406","127.48","2","1"
"1831","99","3289","437.75","9","0"
"1832","96","3086","153.01","3","1"
"1833","47","1322","471.65","6","1"
"1834","95","3729","226.23","6","0"
"1835","32","1497","345.46","4","0"
"1836","42","2112","426.88","2","1"
"1837","33","2322","322.03","2","1"
"1838","18","1802","490.35","5","0"
"1839","69","317","304.17","10","0"
"1840","9","2180","125.76","1","0"
"1841","72","3704","172.88","2","0"
"1842","18","3096","295.22","6","0"
"1843","34","2163","242.83","5","0"
"1844","90","3547","275.97","1","1"
"1845","28","1431","100.48","8","1"
"1846","33","3860","6.76","3","1"
"1847","30","1246","456.38","3","0"
"1848","42","622","287.11","2","1"
"1849","44","3331","314.10","4","1"
"1850","21","164","141.01","1","0"
"1851","40","1062","339.40","7","1"
"1852","18","2657","340.78","9","0"
"1853","77","3398","212.57","6","1"
"1854","74","1950","52.56","7","0"
"1855","56","430","156.57","5","0"
"1856","51","2471","67.72","7","0"
"1857","18","662","264.11","4","0"
"1858","47","1221","405.37","8","1"
"1859","65","2448","21.43","5","1"
"1860","56","2887","284.63","10","0"
"1861","37","1745","9.24","2","0"
"1862","37","2648","259.83","4","0"
"1863","54","3801","43.75","9","0"
"1864","11","1080","340.12","10","1"
"1865","86","2912","193.15","8","0"
"1866","2","1103","405.20","6","1"
"1867","31","869","149.45","4","0"
"1868","19","2675","254.27","8","0"
"1869","20","1339","140.87","1","0"
"1870","34","3354","323.09","8","0"
"1871","55","3817","381.30","8","0"
"1872","88","1509","54.54","5","0"
"1873","83","2043","179.24","2","0"
"1874","9","128","222.15","6","1"
"1875","15","2803","80.42","5","0"
"1876","70","554","175.52","3","0"
"1877","6","1386","156.98","4","0"
"1878","37","1795","2.66","5","0"
"1879","80","3860","327.01","4","0"
"1880","91","2340","489.52","1","0"
"1881","58","3076","207.56","9","1"
"1882","41","2979","391.66","8","1"
"1883","12","1111","33.54","4","0"
"1884","11","1434","445.10","7","1"
"1885","92","1707","96.43","8","0"
"1886","41","2057","68.39","5","0"
"1887","17","231","436.21","9","1"
"1888","42","1652","308.32","7","0"
"1889","26","1360","246.81","6","0"
"1890","4","3557","386.34","3","1"
"1891","29","3675","400.93","9","1"
"1892","86","3463","62.53","8","1"
"1893","53","2729","211.11","1","0"
"1894","40","24","117.74","3","0"
"1895","49","704","102.54","10","0"
"1896","23","71","458.04","10","0"
"1897","36","1144","137.98","10","1"
"1898","26","316","42.02","5","0"
"1899","69","2157","342.02","6","0"
"1900","69","1323","117.78","9","0"
"1901","58","1984","245.70","10","1"
"1902","73","2365","237.30","10","0"
"1903","70","3922","280.06","10","0"
"1904","8","1743","309.52","8","0"
"1905","4","1321","2.55","10","0"
"1906","64","2397","421.11","10","0"
"1907","36","3582","316.52","3","1"
"1908","25","2836","15.95","3","1"
"1909","71","898","356.47","1","0"
"1910","51","3824","482.58","7","0"
"1911","50","3271","153.07","5","0"
"1912","19","1559","295.84","3","1"
"1913","98","900","260.07","6","1"
"1914","53","116","121.09","6","0"
"1915","63","3418","378.69","2","0"
"1916","62","2137","185.60","1","0"
"1917","68","731","467.56","4","1"
"1918","17","1749","152.64","1","1"
"1919","22","774","434.62","2","0"
"1920","50","2351","463.13","4","1"
"1921","98","2021","153.83","5","0"
"1922","10","2953","224.54","7","0"
"1923","18","1437","475.09","1","1"
"1924","89","2839","116.40","2","0"
"1925","86","899","258.52","1","1"
"1926","1","3143","447.09","10","1"
"1927","77","278","194.67","9","0"
"1928","93","2515","34.97","2","0"
"1929","9","2837","212.92","10","0"
"1930","52","1303","300.90","7","0"
"1931","63","2198","154.47","8","0"
"1932","33","3566","405.00","5","1"
"1933","32","724","336.38","4","0"
"1934","88","3617","97.81","4","1"
"1935","54","3378","59.00","9","0"
"1936","22","400","412.23","7","0"
"1937","57","3938","471.61","4","0"
"1938","9","1242","68.98","10","0"
"1939","55","1128","441.37","9","1"
"1940","71","2530","448.86","8","1"
"1941","91","1042","281.43","7","0"
"1942","96","2424","426.12","8","0"
"1943","17","1376","187.08","7","1"
"1944","93","1635","92.39","9","1"
"1945","75","3431","29.66","5","0"
"1946","61","786","428.55","1","0"
"1947","38","2390","431.35","2","1"
"1948","96","664","355.77","5","0"
"1949","42","237","84.22","7","1"
"1950","43","43","39.18","6","1"
"1951","55","104","185.89","2","1"
"1952","84","2436","175.18","8","0"
"1953","99","3032","413.89","10","1"
"1954","17","3466","374.57","7","1"
"1955","72","1265","439.93","8","0"
"1956","55","1294","12.62","7","0"
"1957","78","1205","425.40","4","0"
"1958","26","521","374.75","7","0"
"1959","81","3134","375.62","6","1"
"1960","43","3415","322.61","2","0"
"1961","99","124","190.82","5","1"
"1962","88","2369","118.49","4","0"
"1963","76","402","333.34","10","0"
"1964","51","3349","149.90","6","1"
"1965","24","1479","192.77","10","0"
"1966","95","3830","286.97","7","1"
"1967","34","1371","499.12","10","0"
"1968","57","3583","122.24","2","1"
"1969","90","674","1.86","10","0"
"1970","46","3266","379.07","5","0"
"1971","21","341","275.94","6","1"
"1972","79","334","292.74","6","0"
"1973","6","3526","165.14","2","1"
"1974","62","3739","424.48","10","1"
"1975","36","2466","293.72","1","0"
"1976","82","1111","100.85","9","0"
"1977","96","2578","265.63","1","0"
"1978","1","307","90.82","6","1"
"1979","64","3312","283.12","7","0"
"1980","71","3204","458.93","8","0"
"1981","48","1908","83.08","8","0"
"1982","60","1576","429.79","2","0"
"1983","99","1896","444.74","2","0"
"1984","74","627","435.84","8","0"
"1985","94","2326","17.15","1","1"
"1986","48","1404","62.47","7","1"
"1987","79","3844","52.07","4","0"
"1988","23","1876","5.63","7","0"
"1989","77","2575","8.93","3","1"
"1990","15","510","259.68","4","0"
"1991","77","103","58.85","2","0"
"1992","99","2683","313.41","4","1"
"1993","15","1293","65.40","4","0"
"1994","88","2149","278.62","2","0"
"1995","85","2807","301.41","8","0"
"1996","65","733","473.62","6","0"
"1997","6","2824","87.88","5","1"
"1998","44","1003","136.74","7","1"
"1999","83","3833","162.79","1","1"
"2000","38","3804","403.19","5","0"
"2001","3","3467","250.98","5","1"
"2002","2","412","189.93","4","0"
"2003","50","794","335.99","7","0"
"2004","23","3525","130.12","5","0"
"2005","72","3506","68.73","8","1"
"2006","50","1697","476.29","9","0"
"2007","94","382","462.54","6","1"
"2008","64","1702","385.52","6","1"
"2009","61","1631","127.04","2","1"
"2010","42","2145","27.40","5","1"
"2011","63","318","314.73","3","0"
"2012","79","2893","53.50","4","0"
"2013","38","946","159.12","7","1"
"2014","36","262","399.89","1","0"
"2015","37","2273","11.09","9","1"
"2016","20","923","104.30","5","0"
"2017","11","3548","453.28","8","0"
"2018","3","2014","387.16","6","1"
"2019","49","2657","170.99","8","0"
"2020","79","2638","311.00","4","1"
"2021","28","3123","491.83","2","1"
"2022","67","3245","433.14","10","1"
"2023","60","2780","197.90","4","1"
"2024","32","419","415.52","1","0"
"2025","41","1376","157.87","3","0"
"2026","80","117","123.80","2","1"
"2027","5","937","88.55","10","1"
"2028","88","3223","170.82","2","1"
"2029","77","3773","467.09","7","1"
"2030","95","2480","24.13","3","1"
"2031","90","1681","395.96","5","0"
"2032","90","1697","159.21","2","0"
"2033","59","3221","324.02","5","0"
"2034","82","3314","430.16","7","0"
"2035","30","2861","57.49","3","0"
"2036","21","1994","191.72","10","0"
"2037","3","3117","359.49","1","1"
"2038","35","1041","489.41","9","0"
"2039","27","1448","377.85","2","1"
"2040","5","3287","127.64","7","0"
"2041","78","2680","33.65","2","1"
"2042","5","1591","14.73","9","1"
"2043","53","3336","50.44","4","1"
"2044","100","3419","407.22","1","0"
"2045","25","2244","70.71","5","1"
"2046","30","760","201.61","2","1"
"2047","35","3471","380.83","7","0"
"2048","81","2677","478.71","9","1"
"2049","48","2509","48.12","3","1"
"2050","29","1810","454.75","4","0"
"2051","64","775","319.25","4","1"
"2052","56","1034","279.69","4","1"
"2053","74","1961","318.78","3","1"
"2054","32","115","329.42","2","1"
"2055","52","750","239.04","1","1"
"2056","92","909","114.79","9","0"
"2057","90","1662","2.82","4","1"
"2058","28","2090","398.69","9","1"
"2059","82","3032","417.45","9","1"
"2060","11","145","404.63","4","0"
"2061","26","2112","239.16","5","0"
"2062","75","2991","360.84","9","0"
"2063","86","1357","20.35","3","0"
"2064","66","1281","396.48","9","1"
"2065","74","2511","296.36","2","0"
"2066","61","1467","483.95","4","0"
"2067","13","3437","262.48","9","0"
"2068","74","1363","458.54","8","1"
"2069","35","1629","380.61","2","1"
"2070","71","2980","130.95","4","0"
"2071","17","629","332.46","8","1"
"2072","99","1863","464.32","5","0"
"2073","57","1344","180.76","4","1"
"2074","3","2603","68.27","2","1"
"2075","55","703","374.24","2","1"
"2076","74","1333","132.73","6","0"
"2077","50","2762","463.95","1","0"
"2078","13","184","240.02","4","0"
"2079","91","1893","450.94","6","1"
"2080","56","2263","438.44","6","0"
"2081","9","1151","158.96","3","0"
"2082","27","3344","388.43","5","1"
"2083","18","3850","487.20","2","0"
"2084","20","1580","208.50","1","1"
"2085","85","3384","298.38","7","0"
"2086","23","835","440.71","6","1"
"2087","79","3974","328.16","9","1"
"2088","48","3658","314.53","9","1"
"2089","34","3208","402.43","10","0"
"2090","53","143","147.75","8","1"
"2091","92","3915","120.16","2","0"
"2092","97","3287","203.16","5","1"
"2093","95","3951","97.34","5","0"
"2094","29","2064","185.83","4","0"
"2095","94","2516","154.39","10","1"
"2096","69","1214","281.50","7","1"
"2097","16","3","379.16","6","0"
"2098","86","3345","47.27","5","1"
"2099","77","2006","19.81","7","0"
"2100","94","1526","47.58","5","0"
"2101","43","1898","203.63","1","1"
"2102","47","3377","475.15","8","1"
"2103","78","1188","385.79","4","0"
"2104","78","258","97.43","5","0"
"2105","29","1943","211.55","6","0"
"2106","64","3117","71.09","9","1"
"2107","89","807","376.44","6","1"
"2108","11","1687","435.68","2","1"
"2109","30","1038","83.17","4","0"
"2110","13","953","145.32","1","0"
"2111","53","1162","314.78","6","0"
"2112","9","1631","371.09","9","0"
"2113","85","88","340.61","10","0"
"2114","24","3918","219.54","5","1"
"2115","56","1995","42.17","5","0"
"2116","15","1846","225.91","5","1"
"2117","81","3935","302.41","9","0"
"2118","33","698","243.01","7","0"
"2119","91","2669","85.29","1","1"
"2120","61","2200","336.81","6","1"
"2121","65","2580","299.93","10","1"
"2122","100","1309","330.35","4","0"
"2123","97","2181","420.78","6","0"
"2124","21","1816","161.17","10","1"
"2125","59","2951","409.85","2","0"
"2126","61","601","35.54","5","1"
"2127","7","3400","278.42","9","1"
"2128","6","2094","144.98","10","1"
"2129","73","2946","376.87","1","0"
"2130","33","2747","73.93","5","1"
"2131","57","2462","254.38","1","1"
"2132","16","541","88.14","1","0"
"2133","53","156","101.48","4","0"
"2134","65","877","147.68","9","0"
"2135","79","3009","207.87","3","0"
"2136","84","489","471.78","7","0"
"2137","40","2318","5.12","8","1"
"2138","46","2516","210.07","1","0"
"2139","65","496","272.05","3","1"
"2140","44","794","14.90","4","1"
"2141","19","3930","52.19","6","0"
"2142","4","3544","5.82","10","0"
"2143","36","3020","420.34","7","1"
"2144","41","586","191.13","10","0"
"2145","27","2266","325.23","3","1"
"2146","19","607","147.94","10","0"
"2147","25","3414","109.90","3","1"
"2148","90","2636","392.33","5","0"
"2149","5","631","68.25","7","0"
"2150","75","3456","234.11","7","0"
"2151","91","3586","286.81","1","1"
"2152","54","3954","123.15","2","1"
"2153","17","613","280.55","8","1"
"2154","72","2891","423.07","10","1"
"2155","52","2438","171.24","6","1"
"2156","70","1682","242.26","8","1"
"2157","77","1637","203.24","3","1"
"2158","29","975","100.39","1","0"
"2159","55","3238","282.59","2","1"
"2160","6","2616","147.79","4","0"
"2161","29","367","333.35","9","0"
"2162","99","3472","39.07","3","1"
"2163","51","3862","365.12","7","0"
"2164","60","3349","410.05","3","1"
"2165","80","2388","393.81","3","1"
"2166","31","122","424.70","6","1"
"2167","4","466","30.75","6","0"
"2168","65","1535","255.49","7","1"
"2169","35","3401","195.25","10","0"
"2170","64","557","338.50","5","1"
"2171","68","3521","142.91","10","0"
"2172","50","2107","482.94","2","0"
"2173","87","3379","191.60","5","0"
"2174","14","1845","279.21","10","0"
"2175","21","3972","411.44","6","0"
"2176","64","1967","97.99","2","0"
"2177","75","898","468.53","3","1"
"2178","4","2647","204.20","4","0"
"2179","51","239","283.74","1","0"
"2180","66","1981","156.37","9","1"
"2181","16","2570","298.02","1","0"
"2182","78","1417","487.07","3","1"
"2183","77","302","367.66","6","1"
"2184","65","2918","484.84","6","1"
"2185","88","1113","308.47","8","0"
"2186","87","1787","16.42","6","1"
"2187","13","2675","433.82","4","0"
"2188","83","1974","280.93","8","1"
"2189","99","2304","181.69","3","0"
"2190","30","2899","388.36","6","0"
"2191","59","559","493.54","9","0"
"2192","25","279","493.65","3","0"
"2193","35","1605","393.93","4","0"
"2194","42","3238","63.85","1","0"
"2195","20","64","65.19","3","1"
"2196","24","888","293.77","1","0"
"2197","42","3727","167.52","9","0"
"2198","97","2632","365.72","6","1"
"2199","19","1602","342.58","2","0"
"2200","34","3153","388.20","6","1"
"2201","40","982","22.57","7","0"
"2202","40","772","259.82","2","0"
"2203","45","958","454.23","5","0"
"2204","44","698","460.74","10","0"
"2205","13","306","364.82","9","0"
"2206","74","881","204.31","9","1"
"2207","86","433","41.78","9","1"
"2208","70","1345","305.54","10","1"
"2209","30","1912","22.08","2","0"
"2210","57","3468","306.84","6","0"
"2211","86","1165","58.86","2","0"
"2212","85","775","114.68","1","1"
"2213","98","482","414.25","4","1"
"2214","32","2362","74.95","4","0"
"2215","25","2784","409.22","4","0"
"2216","31","647","239.14","9","1"
"2217","59","1461","443.18","3","0"
"2218","33","1064","331.79","5","1"
"2219","30","3871","75.23","1","0"
"2220","58","701","252.84","3","0"
"2221","43","1519","223.24","2","1"
"2222","25","649","283.63","2","1"
"2223","74","1910","348.37","1","1"
"2224","46","113","142.28","4","0"
"2225","31","634","196.83","8","0"
"2226","10","2448","405.48","5","1"
"2227","82","3280","431.75","10","1"
"2228","56","2995","251.93","10","0"
"2229","91","937","243.07","2","1"
"2230","93","689","62.55","2","1"
"2231","20","3425","203.22","1","0"
"2232","65","742","40.79","7","0"
"2233","22","1354","140.45","7","0"
"2234","37","707","393.67","10","1"
"2235","12","2859","125.22","4","1"
"2236","38","84","344.78","7","0"
"2237","37","1334","382.76","8","0"
"2238","80","1019","259.02","2","1"
"2239","8","1122","353.92","6","0"
"2240","3","3812","407.61","7","1"
"2241","29","1675","364.78","6","0"
"2242","54","3120","154.46","6","0"
"2243","48","658","375.09","6","0"
"2244","88","1553","23.13","4","0"
"2245","49","672","109.14","8","0"
"2246","25","1601","93.00","7","0"
"2247","78","2583","12.12","8","0"
"2248","73","2361","416.88","8","0"
"2249","24","1058","450.60","9","1"
"2250","68","3015","108.45","10","1"
"2251","66","3230","36.11","10","0"
"2252","55","2623","190.66","9","0"
"2253","8","274","226.49","8","1"
"2254","79","1221","331.22","3","0"
"2255","96","611","399.89","3","1"
"2256","6","1338","290.50","7","0"
"2257","5","666","221.08","10","1"
"2258","69","1944","288.82","6","0"
"2259","19","24","418.62","3","0"
"2260","1","2845","382.40","4","1"
"2261","70","3782","485.73","9","1"
"2262","90","2483","98.08","4","1"
"2263","27","520","436.69","1","1"
"2264","13","1967","221.76","10","1"
"2265","66","2515","350.25","1","1"
"2266","36","442","153.90","7","0"
"2267","67","3123","200.10","3","0"
"2268","30","635","161.66","7","0"
"2269","52","3182","219.40","6","0"
"2270","84","1165","149.47","3","0"
"2271","9","1609","231.28","4","1"
"2272","73","496","76.46","3","1"
"2273","83","2400","119.51","4","0"
"2274","64","3525","21.54","1","1"
"2275","91","3610","257.07","6","0"
"2276","35","2958","326.00","10","0"
"2277","38","1833","386.58","4","0"
"2278","48","1604","496.70","7","0"
"2279","15","1735","411.85","2","0"
"2280","19","2303","402.48","4","0"
"2281","93","3167","319.34","2","0"
"2282","37","1104","372.20","1","0"
"2283","49","1001","35.26","7","1"
"2284","3","128","380.48","5","0"
"2285","9","2342","53.73","9","1"
"2286","13","1890","221.41","4","1"
"2287","43","141","220.00","7","0"
"2288","7","38","117.36","4","0"
"2289","40","455","482.87","4","1"
"2290","80","3149","125.38","9","1"
"2291","64","3430","202.74","6","0"
"2292","96","115","36.77","5","1"
"2293","56","3455","267.83","3","1"
"2294","53","1635","478.38","10","1"
"2295","3","1081","409.91","6","0"
"2296","43","1372","236.45","8","1"
"2297","24","3106","365.99","8","1"
"2298","38","762","97.73","10","1"
"2299","23","3725","214.02","1","1"
"2300","21","999","272.30","8","1"
"2301","95","2475","203.16","7","0"
"2302","67","78","275.46","5","1"
"2303","21","1739","168.31","2","1"
"2304","4","2651","456.12","6","0"
"2305","41","1655","372.13","10","0"
"2306","82","2875","46.53","9","1"
"2307","15","1744","194.23","7","0"
"2308","55","1331","296.53","3","1"
"2309","29","1571","258.51","4","0"
"2310","25","1303","1.62","7","1"
"2311","87","1604","451.65","8","1"
"2312","17","1849","472.41","5","0"
"2313","87","2346","281.94","4","0"
"2314","10","1568","92.60","3","0"
"2315","40","3013","338.49","3","0"
"2316","82","3239","24.20","4","0"
"2317","9","3746","150.44","8","0"
"2318","66","331","225.73","4","1"
"2319","52","3687","192.16","10","1"
"2320","14","762","116.62","7","1"
"2321","4","1026","80.52","9","1"
"2322","23","471","442.68","9","1"
"2323","57","2114","217.79","5","0"
"2324","38","2194","205.49","1","1"
"2325","98","3534","264.04","10","1"
"2326","30","245","367.59","9","0"
"2327","76","2424","290.46","1","0"
"2328","29","967","347.55","6","1"
"2329","5","995","313.66","5","0"
"2330","98","1004","304.40","3","1"
"2331","41","300","132.82","5","1"
"2332","96","368","272.41","1","1"
"2333","84","1915","239.12","8","1"
"2334","7","69","71.52","3","0"
"2335","1","980","202.96","7","0"
"2336","45","3140","375.77","9","1"
"2337","19","3545","244.07","10","0"
"2338","81","1556","299.35","3","1"
"2339","93","1966","16.83","8","1"
"2340","12","2577","12.66","10","1"
"2341","96","2865","82.42","6","1"
"2342","48","527","406.51","7","0"
"2343","8","3184","455.52","6","0"
"2344","94","2920","338.75","9","1"
"2345","82","2250","231.18","2","0"
"2346","52","3981","59.44","10","0"
"2347","2","1528","12.13","9","1"
"2348","97","3900","259.45","1","1"
"2349","35","1494","304.55","2","0"
"2350","21","3779","177.77","6","1"
"2351","15","1764","59.71","2","1"
"2352","88","2587","465.21","9","1"
"2353","20","1690","117.36","3","0"
"2354","67","2819","155.77","9","0"
"2355","100","1658","459.54","2","0"
"2356","21","1429","42.18","4","1"
"2357","43","3164","285.56","5","1"
"2358","37","1856","10.01","2","1"
"2359","35","2732","451.73","5","1"
"2360","77","377","345.46","4","0"
"2361","52","1172","221.44","10","1"
"2362","8","1831","227.82","3","1"
"2363","32","3048","134.41","7","1"
"2364","33","3824","428.33","8","1"
"2365","80","2824","389.43","7","0"
"2366","94","3217","459.90","1","0"
"2367","40","3415","481.29","4","0"
"2368","23","391","248.66","6","1"
"2369","78","1505","181.47","8","1"
"2370","39","3911","371.47","1","1"
"2371","4","164","256.41","4","0"
"2372","53","1611","417.19","7","1"
"2373","20","563","96.19","10","0"
"2374","52","2549","489.93","9","0"
"2375","98","439","140.60","7","1"
"2376","31","655","73.82","1","1"
"2377","48","1268","377.32","2","0"
"2378","41","458","499.04","1","0"
"2379","17","914","205.10","5","0"
"2380","53","3143","19.64","4","0"
"2381","62","7","72.43","6","1"
"2382","43","2811","353.82","8","1"
"2383","84","2933","170.88","9","0"
"2384","71","2399","267.24","4","1"
"2385","22","530","202.04","1","1"
"2386","33","1895","121.87","1","1"
"2387","53","1817","29.49","4","1"
"2388","54","2962","10.62","4","0"
"2389","83","3600","332.10","2","0"
"2390","46","287","373.05","2","0"
"2391","40","592","242.30","4","0"
"2392","42","2482","350.46","2","1"
"2393","99","2576","291.64","8","0"
"2394","16","511","200.31","5","0"
"2395","36","1938","219.26","8","1"
"2396","49","3830","1.18","6","1"
"2397","99","415","113.02","5","0"
"2398","80","2345","156.22","4","1"
"2399","37","3679","19.10","8","0"
"2400","2","354","389.69","1","0"
"2401","17","3982","300.03","6","0"
"2402","1","482","292.47","2","0"
"2403","82","2155","282.90","6","0"
"2404","6","3170","448.82","1","1"
"2405","63","1937","29.97","1","1"
"2406","70","1475","373.52","3","0"
"2407","26","2122","111.63","3","0"
"2408","13","3607","453.56","3","0"
"2409","75","628","101.32","5","0"
"2410","61","2390","377.41","5","0"
"2411","10","1597","388.01","9","1"
"2412","30","3141","30.05","7","0"
"2413","74","2536","469.63","9","1"
"2414","87","2344","495.59","6","1"
"2415","27","3091","21.98","1","0"
"2416","43","3143","160.85","4","1"
"2417","44","1354","80.19","10","0"
"2418","79","1373","110.48","6","1"
"2419","97","1500","325.89","6","1"
"2420","1","46","20.48","10","1"
"2421","90","3432","335.65","9","0"
"2422","31","965","353.37","4","0"
"2423","79","3236","5.60","8","1"
"2424","51","1077","209.55","7","1"
"2425","12","3554","271.05","5","1"
"2426","12","2498","434.54","10","1"
"2427","45","2984","275.69","9","1"
"2428","72","3831","452.55","10","0"
"2429","9","1929","376.10","5","1"
"2430","22","684","487.40","5","1"
"2431","80","1278","394.77","4","0"
"2432","76","1641","77.29","2","0"
"2433","9","2812","318.10","2","0"
"2434","64","2873","384.33","1","0"
"2435","54","531","42.79","5","1"
"2436","80","2410","247.85","4","0"
"2437","73","469","369.48","2","1"
"2438","19","2236","103.52","4","0"
"2439","99","2332","54.81","8","0"
"2440","79","2506","107.71","2","1"
"2441","75","1716","424.11","6","0"
"2442","51","98","445.20","3","0"
"2443","96","2920","11.48","8","1"
"2444","97","2267","163.74","3","0"
"2445","12","2497","345.49","10","1"
"2446","75","3112","168.48","2","1"
"2447","47","74","80.15","1","1"
"2448","73","2265","475.41","2","0"
"2449","13","2907","463.59","8","1"
"2450","30","17","421.69","4","1"
"2451","44","3283","115.42","7","0"
"2452","26","693","267.71","10","1"
"2453","75","265","209.58","1","0"
"2454","1","754","272.14","9","1"
"2455","73","1302","227.32","1","0"
"2456","74","1691","385.42","5","1"
"2457","71","1917","411.66","4","1"
"2458","56","3621","343.33","7","1"
"2459","25","3062","52.92","4","1"
"2460","20","174","394.28","4","1"
"2461","72","873","212.08","1","1"
"2462","52","1949","84.75","10","1"
"2463","81","590","312.23","3","0"
"2464","14","204","259.34","9","0"
"2465","8","1199","23.75","5","0"
"2466","38","2759","437.23","5","1"
"2467","73","3616","134.00","5","0"
"2468","60","673","328.59","1","1"
"2469","71","2720","249.14","5","1"
"2470","5","1924","154.71","10","0"
"2471","24","453","105.58","4","0"
"2472","40","2099","483.78","7","0"
"2473","23","1125","477.63","1","1"
"2474","55","3950","271.38","1","1"
"2475","32","1495","453.74","9","0"
"2476","67","1592","89.77","8","1"
"2477","94","1494","319.71","9","1"
"2478","96","3608","368.46","10","1"
"2479","81","1323","77.79","10","0"
"2480","78","2","385.91","7","0"
"2481","57","2310","119.90","9","1"
"2482","50","1193","202.31","10","1"
"2483","85","1919","10.72","8","1"
"2484","13","51","225.99","9","1"
"2485","91","2354","163.90","5","0"
"2486","52","492","335.66","7","1"
"2487","1","3830","311.56","6","0"
"2488","65","2281","3.34","10","0"
"2489","92","2303","248.03","9","0"
"2490","30","1481","225.68","1","0"
"2491","7","3354","134.48","7","1"
"2492","67","2610","377.26","5","0"
"2493","29","641","237.45","8","0"
"2494","52","1381","48.26","1","0"
"2495","94","3436","230.29","2","1"
"2496","22","577","250.32","9","1"
"2497","98","49","58.30","8","1"
"2498","95","1920","319.85","8","0"
"2499","50","3507","62.57","10","0"
"2500","42","3156","209.89","3","0"
